Date,Temperature,Country
01/01/1990,19.261,Myanmar
02/01/1990,21.418,Myanmar
03/01/1990,24.175,Myanmar
04/01/1990,26.284,Myanmar
05/01/1990,26.522,Myanmar
06/01/1990,26.229,Myanmar
07/01/1990,25.915,Myanmar
08/01/1990,26.383,Myanmar
09/01/1990,25.573,Myanmar
10/01/1990,24.583,Myanmar
11/01/1990,23.032,Myanmar
12/01/1990,19.376,Myanmar
01/01/1991,19.092,Myanmar
02/01/1991,21.619,Myanmar
03/01/1991,25.615,Myanmar
04/01/1991,26.864,Myanmar
05/01/1991,27.081,Myanmar
06/01/1991,26.214,Myanmar
07/01/1991,26.044,Myanmar
08/01/1991,25.796,Myanmar
09/01/1991,25.943,Myanmar
10/01/1991,24.8,Myanmar
11/01/1991,21.793,Myanmar
12/01/1991,18.864,Myanmar
01/01/1992,17.873,Myanmar
02/01/1992,19.275,Myanmar
03/01/1992,24.502,Myanmar
04/01/1992,27.442,Myanmar
05/01/1992,27.368,Myanmar
06/01/1992,27.028,Myanmar
07/01/1992,25.614,Myanmar
08/01/1992,25.955,Myanmar
09/01/1992,25.658,Myanmar
10/01/1992,23.529,Myanmar
11/01/1992,21.611,Myanmar
12/01/1992,17.789,Myanmar
01/01/1993,18.062,Myanmar
02/01/1993,20.396,Myanmar
03/01/1993,23.804,Myanmar
04/01/1993,26.315,Myanmar
05/01/1993,26.744,Myanmar
06/01/1993,26.245,Myanmar
07/01/1993,26.384,Myanmar
08/01/1993,25.684,Myanmar
09/01/1993,25.491,Myanmar
10/01/1993,24.654,Myanmar
11/01/1993,22.393,Myanmar
12/01/1993,20.111,Myanmar
01/01/1994,19.981,Myanmar
02/01/1994,21.514,Myanmar
03/01/1994,24.305,Myanmar
04/01/1994,26.882,Myanmar
05/01/1994,27.658,Myanmar
06/01/1994,26.236,Myanmar
07/01/1994,26.024,Myanmar
08/01/1994,25.541,Myanmar
09/01/1994,25.94,Myanmar
10/01/1994,24.279,Myanmar
11/01/1994,22.114,Myanmar
12/01/1994,19.246,Myanmar
01/01/1995,19.158,Myanmar
02/01/1995,20.758,Myanmar
03/01/1995,25.02,Myanmar
04/01/1995,27.757,Myanmar
05/01/1995,27.666,Myanmar
06/01/1995,26.669,Myanmar
07/01/1995,25.867,Myanmar
08/01/1995,25.919,Myanmar
09/01/1995,25.435,Myanmar
10/01/1995,25.13,Myanmar
11/01/1995,22.879,Myanmar
12/01/1995,18.805,Myanmar
01/01/1996,18.67,Myanmar
02/01/1996,21.06,Myanmar
03/01/1996,24.75,Myanmar
04/01/1996,26.473,Myanmar
05/01/1996,26.725,Myanmar
06/01/1996,26.219,Myanmar
07/01/1996,25.97,Myanmar
08/01/1996,25.757,Myanmar
09/01/1996,25.746,Myanmar
10/01/1996,24.868,Myanmar
11/01/1996,22.862,Myanmar
12/01/1996,20.2,Myanmar
01/01/1997,18.108,Myanmar
02/01/1997,19.992,Myanmar
03/01/1997,24.379,Myanmar
04/01/1997,25.091,Myanmar
05/01/1997,27.661,Myanmar
06/01/1997,26.588,Myanmar
07/01/1997,25.819,Myanmar
08/01/1997,25.958,Myanmar
09/01/1997,25.049,Myanmar
10/01/1997,24.568,Myanmar
11/01/1997,22.793,Myanmar
12/01/1997,20.441,Myanmar
01/01/1998,19.457,Myanmar
02/01/1998,21.525,Myanmar
03/01/1998,24.425,Myanmar
04/01/1998,27.102,Myanmar
05/01/1998,28.141,Myanmar
06/01/1998,27.298,Myanmar
07/01/1998,26.394,Myanmar
08/01/1998,26.311,Myanmar
09/01/1998,26.211,Myanmar
10/01/1998,25.848,Myanmar
11/01/1998,23.744,Myanmar
12/01/1998,20.919,Myanmar
01/01/1999,20.015,Myanmar
02/01/1999,23.34,Myanmar
03/01/1999,25.457,Myanmar
04/01/1999,27.627,Myanmar
05/01/1999,26.001,Myanmar
06/01/1999,26.43,Myanmar
07/01/1999,26.12,Myanmar
08/01/1999,25.517,Myanmar
09/01/1999,25.732,Myanmar
10/01/1999,24.936,Myanmar
11/01/1999,22.563,Myanmar
12/01/1999,18.824,Myanmar
01/01/2000,19.291,Myanmar
02/01/2000,20.997,Myanmar
03/01/2000,23.703,Myanmar
04/01/2000,26.694,Myanmar
05/01/2000,25.935,Myanmar
06/01/2000,26.11,Myanmar
07/01/2000,26.054,Myanmar
08/01/2000,26.069,Myanmar
09/01/2000,25.396,Myanmar
10/01/2000,24.972,Myanmar
11/01/2000,22.207,Myanmar
12/01/2000,19.742,Myanmar
01/01/2001,19.439,Myanmar
02/01/2001,22.045,Myanmar
03/01/2001,24.761,Myanmar
04/01/2001,27.998,Myanmar
05/01/2001,26.206,Myanmar
06/01/2001,26.134,Myanmar
07/01/2001,25.982,Myanmar
08/01/2001,26.372,Myanmar
09/01/2001,26.129,Myanmar
10/01/2001,24.793,Myanmar
11/01/2001,21.917,Myanmar
12/01/2001,20.151,Myanmar
01/01/2002,19.268,Myanmar
02/01/2002,22.158,Myanmar
03/01/2002,24.771,Myanmar
04/01/2002,27.075,Myanmar
05/01/2002,26.445,Myanmar
06/01/2002,26.749,Myanmar
07/01/2002,25.718,Myanmar
08/01/2002,25.532,Myanmar
09/01/2002,25.77,Myanmar
10/01/2002,24.793,Myanmar
11/01/2002,22.922,Myanmar
12/01/2002,20.308,Myanmar
01/01/2003,18.985,Myanmar
02/01/2003,21.637,Myanmar
03/01/2003,23.926,Myanmar
04/01/2003,27.388,Myanmar
05/01/2003,26.852,Myanmar
06/01/2003,26.091,Myanmar
07/01/2003,26.222,Myanmar
08/01/2003,26.398,Myanmar
09/01/2003,25.903,Myanmar
10/01/2003,25.254,Myanmar
11/01/2003,22.619,Myanmar
12/01/2003,20.182,Myanmar
01/01/2004,19.581,Myanmar
02/01/2004,21.429,Myanmar
03/01/2004,25.902,Myanmar
04/01/2004,26.504,Myanmar
05/01/2004,26.835,Myanmar
06/01/2004,25.954,Myanmar
07/01/2004,25.52,Myanmar
08/01/2004,26.066,Myanmar
09/01/2004,25.165,Myanmar
10/01/2004,24.487,Myanmar
11/01/2004,22.687,Myanmar
12/01/2004,19.169,Myanmar
01/01/2005,19.395,Myanmar
02/01/2005,22.522,Myanmar
03/01/2005,24.765,Myanmar
04/01/2005,27.143,Myanmar
05/01/2005,27.428,Myanmar
06/01/2005,27.21,Myanmar
07/01/2005,26.319,Myanmar
08/01/2005,26.048,Myanmar
09/01/2005,25.916,Myanmar
10/01/2005,25.174,Myanmar
11/01/2005,22.903,Myanmar
12/01/2005,20.15,Myanmar
01/01/2006,19.707,Myanmar
02/01/2006,22.71,Myanmar
03/01/2006,25.674,Myanmar
04/01/2006,26.803,Myanmar
05/01/2006,26.328,Myanmar
06/01/2006,26.599,Myanmar
07/01/2006,26.196,Myanmar
08/01/2006,25.95,Myanmar
09/01/2006,25.713,Myanmar
10/01/2006,25.064,Myanmar
11/01/2006,22.866,Myanmar
12/01/2006,19.576,Myanmar
01/01/2007,19.159,Myanmar
02/01/2007,20.794,Myanmar
03/01/2007,24.657,Myanmar
04/01/2007,26.943,Myanmar
05/01/2007,26.353,Myanmar
06/01/2007,26.856,Myanmar
07/01/2007,26.068,Myanmar
08/01/2007,26.41,Myanmar
09/01/2007,25.666,Myanmar
10/01/2007,24.838,Myanmar
11/01/2007,22.349,Myanmar
12/01/2007,19.823,Myanmar
01/01/2008,19.571,Myanmar
02/01/2008,20.918,Myanmar
03/01/2008,24.743,Myanmar
04/01/2008,27.283,Myanmar
05/01/2008,26.489,Myanmar
06/01/2008,26.171,Myanmar
07/01/2008,25.85,Myanmar
08/01/2008,25.882,Myanmar
09/01/2008,26.083,Myanmar
10/01/2008,24.939,Myanmar
11/01/2008,22.468,Myanmar
12/01/2008,19.714,Myanmar
01/01/2009,19.648,Myanmar
02/01/2009,22.567,Myanmar
03/01/2009,25.029,Myanmar
04/01/2009,27.325,Myanmar
05/01/2009,27.324,Myanmar
06/01/2009,26.582,Myanmar
07/01/2009,26.365,Myanmar
08/01/2009,26.2,Myanmar
09/01/2009,26.424,Myanmar
10/01/2009,25.485,Myanmar
11/01/2009,23.418,Myanmar
12/01/2009,20.049,Myanmar
01/01/2010,20.154,Myanmar
02/01/2010,22.005,Myanmar
03/01/2010,25.767,Myanmar
04/01/2010,27.794,Myanmar
05/01/2010,28.369,Myanmar
06/01/2010,27.083,Myanmar
07/01/2010,26.618,Myanmar
08/01/2010,26.43,Myanmar
09/01/2010,26.117,Myanmar
10/01/2010,24.928,Myanmar
11/01/2010,23.064,Myanmar
12/01/2010,19.975,Myanmar
01/01/2011,19.3,Myanmar
02/01/2011,21.757,Myanmar
03/01/2011,24.013,Myanmar
04/01/2011,26.145,Myanmar
05/01/2011,26.552,Myanmar
06/01/2011,26.272,Myanmar
07/01/2011,26.092,Myanmar
08/01/2011,25.665,Myanmar
09/01/2011,25.953,Myanmar
10/01/2011,24.901,Myanmar
11/01/2011,22.462,Myanmar
12/01/2011,20.2,Myanmar
01/01/2012,19.607,Myanmar
02/01/2012,22.194,Myanmar
03/01/2012,25.042,Myanmar
04/01/2012,27.063,Myanmar
05/01/2012,28.081,Myanmar
06/01/2012,26.806,Myanmar
07/01/2012,26.206,Myanmar
08/01/2012,26.233,Myanmar
09/01/2012,26.293,Myanmar
10/01/2012,25.161,Myanmar
11/01/2012,23.777,Myanmar
12/01/2012,20.35,Myanmar
01/01/2013,19.27,Myanmar
02/01/2013,23.039,Myanmar
03/01/2013,25.174,Myanmar
04/01/2013,27.495,Myanmar
05/01/2013,27.16,Myanmar
06/01/2013,27.168,Myanmar
07/01/2013,26.425,Myanmar
08/01/2013,26.292,Myanmar
09/01/2013,,Myanmar
01/01/1990,25.573,Philippines
02/01/1990,26.404,Philippines
03/01/1990,26.826,Philippines
04/01/1990,28.105,Philippines
05/01/1990,28.187,Philippines
06/01/1990,27.421,Philippines
07/01/1990,27.283,Philippines
08/01/1990,27.473,Philippines
09/01/1990,27.031,Philippines
10/01/1990,26.662,Philippines
11/01/1990,26.414,Philippines
12/01/1990,25.809,Philippines
01/01/1991,25.506,Philippines
02/01/1991,25.842,Philippines
03/01/1991,26.587,Philippines
04/01/1991,27.534,Philippines
05/01/1991,28.218,Philippines
06/01/1991,27.899,Philippines
07/01/1991,27.245,Philippines
08/01/1991,27.269,Philippines
09/01/1991,27.298,Philippines
10/01/1991,26.538,Philippines
11/01/1991,26.081,Philippines
12/01/1991,25.504,Philippines
01/01/1992,25.227,Philippines
02/01/1992,25.879,Philippines
03/01/1992,27.01,Philippines
04/01/1992,27.989,Philippines
05/01/1992,28.531,Philippines
06/01/1992,28.007,Philippines
07/01/1992,27.115,Philippines
08/01/1992,27.377,Philippines
09/01/1992,27.368,Philippines
10/01/1992,26.659,Philippines
11/01/1992,26.019,Philippines
12/01/1992,25.637,Philippines
01/01/1993,25.253,Philippines
02/01/1993,25.53,Philippines
03/01/1993,26.279,Philippines
04/01/1993,27.426,Philippines
05/01/1993,28.465,Philippines
06/01/1993,28.121,Philippines
07/01/1993,27.548,Philippines
08/01/1993,27.122,Philippines
09/01/1993,26.983,Philippines
10/01/1993,26.591,Philippines
11/01/1993,26.848,Philippines
12/01/1993,25.99,Philippines
01/01/1994,25.661,Philippines
02/01/1994,26.048,Philippines
03/01/1994,26.925,Philippines
04/01/1994,27.619,Philippines
05/01/1994,28.208,Philippines
06/01/1994,27.345,Philippines
07/01/1994,27.068,Philippines
08/01/1994,27.236,Philippines
09/01/1994,26.876,Philippines
10/01/1994,26.702,Philippines
11/01/1994,26.491,Philippines
12/01/1994,25.797,Philippines
01/01/1995,25.362,Philippines
02/01/1995,25.698,Philippines
03/01/1995,26.559,Philippines
04/01/1995,27.649,Philippines
05/01/1995,28.15,Philippines
06/01/1995,28.054,Philippines
07/01/1995,27.061,Philippines
08/01/1995,27.218,Philippines
09/01/1995,26.967,Philippines
10/01/1995,26.94,Philippines
11/01/1995,26.754,Philippines
12/01/1995,25.505,Philippines
01/01/1996,25.127,Philippines
02/01/1996,25.314,Philippines
03/01/1996,27.264,Philippines
04/01/1996,27.301,Philippines
05/01/1996,27.958,Philippines
06/01/1996,27.685,Philippines
07/01/1996,27.647,Philippines
08/01/1996,27.545,Philippines
09/01/1996,27.463,Philippines
10/01/1996,27.224,Philippines
11/01/1996,26.492,Philippines
12/01/1996,25.635,Philippines
01/01/1997,24.987,Philippines
02/01/1997,25.746,Philippines
03/01/1997,26.249,Philippines
04/01/1997,27.71,Philippines
05/01/1997,28.286,Philippines
06/01/1997,27.846,Philippines
07/01/1997,27.312,Philippines
08/01/1997,27.704,Philippines
09/01/1997,27.227,Philippines
10/01/1997,27.212,Philippines
11/01/1997,27.141,Philippines
12/01/1997,26.296,Philippines
01/01/1998,26.341,Philippines
02/01/1998,27.032,Philippines
03/01/1998,27.735,Philippines
04/01/1998,28.734,Philippines
05/01/1998,29.158,Philippines
06/01/1998,28.681,Philippines
07/01/1998,28.422,Philippines
08/01/1998,28.287,Philippines
09/01/1998,27.843,Philippines
10/01/1998,27.312,Philippines
11/01/1998,27.198,Philippines
12/01/1998,26.61,Philippines
01/01/1999,26.126,Philippines
02/01/1999,26.133,Philippines
03/01/1999,27.149,Philippines
04/01/1999,27.498,Philippines
05/01/1999,27.918,Philippines
06/01/1999,27.303,Philippines
07/01/1999,27.26,Philippines
08/01/1999,26.972,Philippines
09/01/1999,27.126,Philippines
10/01/1999,27.006,Philippines
11/01/1999,26.553,Philippines
12/01/1999,26.065,Philippines
01/01/2000,25.908,Philippines
02/01/2000,26.082,Philippines
03/01/2000,26.885,Philippines
04/01/2000,27.791,Philippines
05/01/2000,28.019,Philippines
06/01/2000,27.559,Philippines
07/01/2000,27.06,Philippines
08/01/2000,27.367,Philippines
09/01/2000,27.347,Philippines
10/01/2000,26.935,Philippines
11/01/2000,26.949,Philippines
12/01/2000,26.215,Philippines
01/01/2001,25.976,Philippines
02/01/2001,26.501,Philippines
03/01/2001,27.021,Philippines
04/01/2001,28.107,Philippines
05/01/2001,28.17,Philippines
06/01/2001,27.589,Philippines
07/01/2001,27.358,Philippines
08/01/2001,27.527,Philippines
09/01/2001,27.558,Philippines
10/01/2001,27.228,Philippines
11/01/2001,26.516,Philippines
12/01/2001,25.7,Philippines
01/01/2002,25.579,Philippines
02/01/2002,25.705,Philippines
03/01/2002,26.789,Philippines
04/01/2002,27.747,Philippines
05/01/2002,28.317,Philippines
06/01/2002,28.009,Philippines
07/01/2002,27.628,Philippines
08/01/2002,27.348,Philippines
09/01/2002,27.119,Philippines
10/01/2002,27.165,Philippines
11/01/2002,27.032,Philippines
12/01/2002,26.56,Philippines
01/01/2003,25.546,Philippines
02/01/2003,25.961,Philippines
03/01/2003,26.934,Philippines
04/01/2003,28.433,Philippines
05/01/2003,28.272,Philippines
06/01/2003,27.506,Philippines
07/01/2003,27.483,Philippines
08/01/2003,27.459,Philippines
09/01/2003,27.126,Philippines
10/01/2003,26.883,Philippines
11/01/2003,27.099,Philippines
12/01/2003,25.476,Philippines
01/01/2004,25.88,Philippines
02/01/2004,26.106,Philippines
03/01/2004,27.134,Philippines
04/01/2004,28.215,Philippines
05/01/2004,28.164,Philippines
06/01/2004,27.474,Philippines
07/01/2004,27.38,Philippines
08/01/2004,27.511,Philippines
09/01/2004,27.473,Philippines
10/01/2004,26.624,Philippines
11/01/2004,27.013,Philippines
12/01/2004,26.104,Philippines
01/01/2005,25.531,Philippines
02/01/2005,26.379,Philippines
03/01/2005,27.029,Philippines
04/01/2005,27.799,Philippines
05/01/2005,28.614,Philippines
06/01/2005,28.077,Philippines
07/01/2005,27.668,Philippines
08/01/2005,27.42,Philippines
09/01/2005,27.214,Philippines
10/01/2005,27.158,Philippines
11/01/2005,27.015,Philippines
12/01/2005,25.828,Philippines
01/01/2006,25.958,Philippines
02/01/2006,26.284,Philippines
03/01/2006,27.064,Philippines
04/01/2006,28.079,Philippines
05/01/2006,28.215,Philippines
06/01/2006,27.941,Philippines
07/01/2006,27.479,Philippines
08/01/2006,27.244,Philippines
09/01/2006,27.248,Philippines
10/01/2006,26.815,Philippines
11/01/2006,27.228,Philippines
12/01/2006,26.582,Philippines
01/01/2007,25.788,Philippines
02/01/2007,26.276,Philippines
03/01/2007,27.194,Philippines
04/01/2007,28.186,Philippines
05/01/2007,28.3,Philippines
06/01/2007,28.277,Philippines
07/01/2007,27.845,Philippines
08/01/2007,27.375,Philippines
09/01/2007,27.362,Philippines
10/01/2007,26.918,Philippines
11/01/2007,26.306,Philippines
12/01/2007,26.117,Philippines
01/01/2008,25.822,Philippines
02/01/2008,25.663,Philippines
03/01/2008,26.702,Philippines
04/01/2008,27.647,Philippines
05/01/2008,27.368,Philippines
06/01/2008,27.659,Philippines
07/01/2008,27.355,Philippines
08/01/2008,27.178,Philippines
09/01/2008,27.229,Philippines
10/01/2008,27.183,Philippines
11/01/2008,26.797,Philippines
12/01/2008,25.906,Philippines
01/01/2009,25.374,Philippines
02/01/2009,26.358,Philippines
03/01/2009,27.449,Philippines
04/01/2009,27.598,Philippines
05/01/2009,27.612,Philippines
06/01/2009,27.515,Philippines
07/01/2009,27.296,Philippines
08/01/2009,27.902,Philippines
09/01/2009,27.415,Philippines
10/01/2009,26.968,Philippines
11/01/2009,26.829,Philippines
12/01/2009,25.789,Philippines
01/01/2010,25.588,Philippines
02/01/2010,26.578,Philippines
03/01/2010,27.515,Philippines
04/01/2010,28.155,Philippines
05/01/2010,29.03,Philippines
06/01/2010,28.468,Philippines
07/01/2010,27.658,Philippines
08/01/2010,27.489,Philippines
09/01/2010,27.603,Philippines
10/01/2010,27.124,Philippines
11/01/2010,26.84,Philippines
12/01/2010,26.23,Philippines
01/01/2011,25.303,Philippines
02/01/2011,25.77,Philippines
03/01/2011,26.367,Philippines
04/01/2011,26.988,Philippines
05/01/2011,27.839,Philippines
06/01/2011,27.492,Philippines
07/01/2011,27.225,Philippines
08/01/2011,27.276,Philippines
09/01/2011,27.226,Philippines
10/01/2011,26.975,Philippines
11/01/2011,26.922,Philippines
12/01/2011,26.048,Philippines
01/01/2012,25.954,Philippines
02/01/2012,26.237,Philippines
03/01/2012,27.015,Philippines
04/01/2012,27.819,Philippines
05/01/2012,28.156,Philippines
06/01/2012,27.831,Philippines
07/01/2012,27.231,Philippines
08/01/2012,27.586,Philippines
09/01/2012,27.328,Philippines
10/01/2012,26.862,Philippines
11/01/2012,27.144,Philippines
12/01/2012,26.624,Philippines
01/01/2013,25.58,Philippines
02/01/2013,26.481,Philippines
03/01/2013,27.502,Philippines
04/01/2013,28.489,Philippines
05/01/2013,28.673,Philippines
06/01/2013,28.169,Philippines
07/01/2013,27.372,Philippines
08/01/2013,27.068,Philippines
09/01/2013,,Philippines
01/01/1990,19.81,Laos
02/01/1990,20.984,Laos
03/01/1990,23.072,Laos
04/01/1990,26.271,Laos
05/01/1990,26.232,Laos
06/01/1990,26.819,Laos
07/01/1990,26.478,Laos
08/01/1990,26.866,Laos
09/01/1990,26.053,Laos
10/01/1990,24.108,Laos
11/01/1990,22.317,Laos
12/01/1990,19.678,Laos
01/01/1991,20.804,Laos
02/01/1991,21.11,Laos
03/01/1991,25.035,Laos
04/01/1991,26.167,Laos
05/01/1991,27.266,Laos
06/01/1991,26.85,Laos
07/01/1991,26.616,Laos
08/01/1991,26.089,Laos
09/01/1991,26.082,Laos
10/01/1991,24.075,Laos
11/01/1991,21.391,Laos
12/01/1991,19.63,Laos
01/01/1992,17.731,Laos
02/01/1992,20.057,Laos
03/01/1992,23.81,Laos
04/01/1992,26.799,Laos
05/01/1992,27.891,Laos
06/01/1992,27.219,Laos
07/01/1992,26.269,Laos
08/01/1992,26.487,Laos
09/01/1992,25.893,Laos
10/01/1992,22.658,Laos
11/01/1992,20.358,Laos
12/01/1992,19.37,Laos
01/01/1993,18.28,Laos
02/01/1993,20.404,Laos
03/01/1993,23.597,Laos
04/01/1993,25.654,Laos
05/01/1993,26.699,Laos
06/01/1993,27.635,Laos
07/01/1993,27.075,Laos
08/01/1993,26.321,Laos
09/01/1993,25.692,Laos
10/01/1993,23.549,Laos
11/01/1993,21.832,Laos
12/01/1993,18.506,Laos
01/01/1994,20.087,Laos
02/01/1994,22.378,Laos
03/01/1994,22.211,Laos
04/01/1994,26.506,Laos
05/01/1994,27.135,Laos
06/01/1994,26.508,Laos
07/01/1994,26.472,Laos
08/01/1994,26.051,Laos
09/01/1994,25.63,Laos
10/01/1994,23.382,Laos
11/01/1994,21.992,Laos
12/01/1994,20.379,Laos
01/01/1995,19.343,Laos
02/01/1995,19.801,Laos
03/01/1995,23.769,Laos
04/01/1995,26.695,Laos
05/01/1995,27.005,Laos
06/01/1995,27.553,Laos
07/01/1995,26.42,Laos
08/01/1995,26.115,Laos
09/01/1995,25.786,Laos
10/01/1995,24.755,Laos
11/01/1995,21.489,Laos
12/01/1995,18.619,Laos
01/01/1996,19.158,Laos
02/01/1996,18.897,Laos
03/01/1996,23.871,Laos
04/01/1996,24.359,Laos
05/01/1996,26.718,Laos
06/01/1996,26.946,Laos
07/01/1996,26.727,Laos
08/01/1996,26.172,Laos
09/01/1996,25.546,Laos
10/01/1996,24.31,Laos
11/01/1996,22.662,Laos
12/01/1996,19.052,Laos
01/01/1997,19.122,Laos
02/01/1997,20.218,Laos
03/01/1997,23.417,Laos
04/01/1997,24.544,Laos
05/01/1997,27.398,Laos
06/01/1997,27.692,Laos
07/01/1997,26.435,Laos
08/01/1997,26.543,Laos
09/01/1997,25.115,Laos
10/01/1997,24.854,Laos
11/01/1997,22.921,Laos
12/01/1997,21.156,Laos
01/01/1998,21.028,Laos
02/01/1998,22.052,Laos
03/01/1998,24.86,Laos
04/01/1998,26.677,Laos
05/01/1998,27.899,Laos
06/01/1998,28.039,Laos
07/01/1998,27.318,Laos
08/01/1998,27.07,Laos
09/01/1998,25.893,Laos
10/01/1998,24.693,Laos
11/01/1998,22.547,Laos
12/01/1998,20.35,Laos
01/01/1999,19.794,Laos
02/01/1999,21.76,Laos
03/01/1999,24.467,Laos
04/01/1999,25.888,Laos
05/01/1999,25.629,Laos
06/01/1999,27.031,Laos
07/01/1999,27.142,Laos
08/01/1999,26.196,Laos
09/01/1999,25.687,Laos
10/01/1999,24.361,Laos
11/01/1999,22.203,Laos
12/01/1999,17.087,Laos
01/01/2000,19.922,Laos
02/01/2000,20.023,Laos
03/01/2000,23.154,Laos
04/01/2000,25.619,Laos
05/01/2000,25.92,Laos
06/01/2000,26.462,Laos
07/01/2000,26.498,Laos
08/01/2000,26.576,Laos
09/01/2000,25.259,Laos
10/01/2000,24.446,Laos
11/01/2000,21.459,Laos
12/01/2000,20.684,Laos
01/01/2001,20.838,Laos
02/01/2001,21.18,Laos
03/01/2001,23.306,Laos
04/01/2001,27.182,Laos
05/01/2001,26.167,Laos
06/01/2001,26.794,Laos
07/01/2001,26.717,Laos
08/01/2001,26.399,Laos
09/01/2001,25.994,Laos
10/01/2001,24.791,Laos
11/01/2001,20.669,Laos
12/01/2001,19.824,Laos
01/01/2002,19.07,Laos
02/01/2002,21.411,Laos
03/01/2002,23.855,Laos
04/01/2002,26.429,Laos
05/01/2002,26.614,Laos
06/01/2002,27.383,Laos
07/01/2002,26.823,Laos
08/01/2002,25.999,Laos
09/01/2002,25.414,Laos
10/01/2002,24.435,Laos
11/01/2002,22.268,Laos
12/01/2002,20.944,Laos
01/01/2003,18.822,Laos
02/01/2003,21.916,Laos
03/01/2003,23.245,Laos
04/01/2003,26.658,Laos
05/01/2003,27.692,Laos
06/01/2003,27.342,Laos
07/01/2003,27.193,Laos
08/01/2003,26.646,Laos
09/01/2003,25.819,Laos
10/01/2003,24.834,Laos
11/01/2003,22.613,Laos
12/01/2003,19.203,Laos
01/01/2004,19.433,Laos
02/01/2004,20.054,Laos
03/01/2004,24.024,Laos
04/01/2004,25.723,Laos
05/01/2004,26.583,Laos
06/01/2004,26.867,Laos
07/01/2004,26.288,Laos
08/01/2004,26.6,Laos
09/01/2004,25.545,Laos
10/01/2004,23.865,Laos
11/01/2004,22.438,Laos
12/01/2004,18.945,Laos
01/01/2005,19.524,Laos
02/01/2005,22.603,Laos
03/01/2005,22.653,Laos
04/01/2005,26.014,Laos
05/01/2005,27.824,Laos
06/01/2005,27.567,Laos
07/01/2005,26.913,Laos
08/01/2005,26.158,Laos
09/01/2005,26.005,Laos
10/01/2005,24.664,Laos
11/01/2005,22.854,Laos
12/01/2005,19.034,Laos
01/01/2006,19.753,Laos
02/01/2006,21.913,Laos
03/01/2006,24.024,Laos
04/01/2006,26.084,Laos
05/01/2006,26.323,Laos
06/01/2006,27.834,Laos
07/01/2006,26.941,Laos
08/01/2006,26.148,Laos
09/01/2006,25.784,Laos
10/01/2006,24.763,Laos
11/01/2006,23.562,Laos
12/01/2006,19.737,Laos
01/01/2007,19.082,Laos
02/01/2007,22.062,Laos
03/01/2007,24.654,Laos
04/01/2007,25.551,Laos
05/01/2007,26.39,Laos
06/01/2007,27.863,Laos
07/01/2007,27.212,Laos
08/01/2007,26.475,Laos
09/01/2007,25.757,Laos
10/01/2007,23.815,Laos
11/01/2007,20.716,Laos
12/01/2007,20.952,Laos
01/01/2008,19.277,Laos
02/01/2008,18.271,Laos
03/01/2008,23.175,Laos
04/01/2008,26.055,Laos
05/01/2008,26.027,Laos
06/01/2008,26.737,Laos
07/01/2008,26.563,Laos
08/01/2008,26.368,Laos
09/01/2008,25.929,Laos
10/01/2008,24.917,Laos
11/01/2008,21.511,Laos
12/01/2008,18.749,Laos
01/01/2009,17.867,Laos
02/01/2009,23.23,Laos
03/01/2009,24.271,Laos
04/01/2009,25.82,Laos
05/01/2009,26.581,Laos
06/01/2009,27.324,Laos
07/01/2009,26.716,Laos
08/01/2009,26.878,Laos
09/01/2009,26.213,Laos
10/01/2009,25.155,Laos
11/01/2009,21.916,Laos
12/01/2009,20.415,Laos
01/01/2010,21.051,Laos
02/01/2010,22.992,Laos
03/01/2010,24.377,Laos
04/01/2010,26.996,Laos
05/01/2010,28.568,Laos
06/01/2010,28.29,Laos
07/01/2010,27.423,Laos
08/01/2010,26.125,Laos
09/01/2010,26.38,Laos
10/01/2010,24.083,Laos
11/01/2010,22.039,Laos
12/01/2010,20.886,Laos
01/01/2011,18.07,Laos
02/01/2011,21.472,Laos
03/01/2011,21.413,Laos
04/01/2011,24.885,Laos
05/01/2011,26.48,Laos
06/01/2011,27.044,Laos
07/01/2011,26.782,Laos
08/01/2011,26.217,Laos
09/01/2011,25.588,Laos
10/01/2011,23.992,Laos
11/01/2011,22.448,Laos
12/01/2011,18.937,Laos
01/01/2012,19.643,Laos
02/01/2012,21.904,Laos
03/01/2012,24.011,Laos
04/01/2012,26.577,Laos
05/01/2012,27.308,Laos
06/01/2012,27.5,Laos
07/01/2012,26.972,Laos
08/01/2012,26.824,Laos
09/01/2012,26.279,Laos
10/01/2012,25.302,Laos
11/01/2012,24.652,Laos
12/01/2012,21.92,Laos
01/01/2013,20.005,Laos
02/01/2013,23.163,Laos
03/01/2013,24.645,Laos
04/01/2013,26.83,Laos
05/01/2013,27.539,Laos
06/01/2013,27.51,Laos
07/01/2013,26.686,Laos
08/01/2013,26.704,Laos
09/01/2013,,Laos
01/01/1990,25.558,Malaysia
02/01/1990,26.463,Malaysia
03/01/1990,26.687,Malaysia
04/01/1990,27.054,Malaysia
05/01/1990,27.064,Malaysia
06/01/1990,26.996,Malaysia
07/01/1990,26.253,Malaysia
08/01/1990,26.701,Malaysia
09/01/1990,26.296,Malaysia
10/01/1990,26.159,Malaysia
11/01/1990,26.028,Malaysia
12/01/1990,25.768,Malaysia
01/01/1991,25.818,Malaysia
02/01/1991,26.161,Malaysia
03/01/1991,26.715,Malaysia
04/01/1991,26.7,Malaysia
05/01/1991,26.76,Malaysia
06/01/1991,27.091,Malaysia
07/01/1991,26.641,Malaysia
08/01/1991,26.602,Malaysia
09/01/1991,26.394,Malaysia
10/01/1991,25.851,Malaysia
11/01/1991,25.734,Malaysia
12/01/1991,25.518,Malaysia
01/01/1992,25.621,Malaysia
02/01/1992,26.178,Malaysia
03/01/1992,26.94,Malaysia
04/01/1992,27.18,Malaysia
05/01/1992,27.025,Malaysia
06/01/1992,26.69,Malaysia
07/01/1992,26.153,Malaysia
08/01/1992,26.649,Malaysia
09/01/1992,26.288,Malaysia
10/01/1992,25.836,Malaysia
11/01/1992,25.525,Malaysia
12/01/1992,25.354,Malaysia
01/01/1993,25.511,Malaysia
02/01/1993,25.787,Malaysia
03/01/1993,26.155,Malaysia
04/01/1993,26.579,Malaysia
05/01/1993,26.822,Malaysia
06/01/1993,26.839,Malaysia
07/01/1993,26.372,Malaysia
08/01/1993,26.591,Malaysia
09/01/1993,26.145,Malaysia
10/01/1993,25.859,Malaysia
11/01/1993,26.117,Malaysia
12/01/1993,25.803,Malaysia
01/01/1994,25.834,Malaysia
02/01/1994,26.17,Malaysia
03/01/1994,26.097,Malaysia
04/01/1994,26.58,Malaysia
05/01/1994,26.783,Malaysia
06/01/1994,26.493,Malaysia
07/01/1994,26.669,Malaysia
08/01/1994,26.346,Malaysia
09/01/1994,26.448,Malaysia
10/01/1994,26.018,Malaysia
11/01/1994,25.99,Malaysia
12/01/1994,25.898,Malaysia
01/01/1995,25.885,Malaysia
02/01/1995,25.958,Malaysia
03/01/1995,26.45,Malaysia
04/01/1995,26.832,Malaysia
05/01/1995,27.136,Malaysia
06/01/1995,26.979,Malaysia
07/01/1995,26.373,Malaysia
08/01/1995,26.212,Malaysia
09/01/1995,26.421,Malaysia
10/01/1995,26.28,Malaysia
11/01/1995,26.011,Malaysia
12/01/1995,25.477,Malaysia
01/01/1996,25.148,Malaysia
02/01/1996,25.565,Malaysia
03/01/1996,26.658,Malaysia
04/01/1996,26.794,Malaysia
05/01/1996,27.081,Malaysia
06/01/1996,26.717,Malaysia
07/01/1996,26.74,Malaysia
08/01/1996,26.338,Malaysia
09/01/1996,26.558,Malaysia
10/01/1996,25.877,Malaysia
11/01/1996,26.035,Malaysia
12/01/1996,25.356,Malaysia
01/01/1997,25.627,Malaysia
02/01/1997,25.823,Malaysia
03/01/1997,26.747,Malaysia
04/01/1997,26.616,Malaysia
05/01/1997,27.262,Malaysia
06/01/1997,27.088,Malaysia
07/01/1997,26.677,Malaysia
08/01/1997,27.173,Malaysia
09/01/1997,26.629,Malaysia
10/01/1997,26.3,Malaysia
11/01/1997,26.359,Malaysia
12/01/1997,26.376,Malaysia
01/01/1998,26.801,Malaysia
02/01/1998,27.399,Malaysia
03/01/1998,27.989,Malaysia
04/01/1998,28.043,Malaysia
05/01/1998,28.26,Malaysia
06/01/1998,27.283,Malaysia
07/01/1998,26.859,Malaysia
08/01/1998,26.571,Malaysia
09/01/1998,26.788,Malaysia
10/01/1998,26.527,Malaysia
11/01/1998,26.385,Malaysia
12/01/1998,25.755,Malaysia
01/01/1999,25.763,Malaysia
02/01/1999,26.06,Malaysia
03/01/1999,26.442,Malaysia
04/01/1999,26.772,Malaysia
05/01/1999,26.507,Malaysia
06/01/1999,26.681,Malaysia
07/01/1999,26.449,Malaysia
08/01/1999,26.321,Malaysia
09/01/1999,26.385,Malaysia
10/01/1999,25.853,Malaysia
11/01/1999,26.121,Malaysia
12/01/1999,25.633,Malaysia
01/01/2000,25.635,Malaysia
02/01/2000,25.874,Malaysia
03/01/2000,26.447,Malaysia
04/01/2000,26.481,Malaysia
05/01/2000,27.283,Malaysia
06/01/2000,26.303,Malaysia
07/01/2000,26.854,Malaysia
08/01/2000,26.453,Malaysia
09/01/2000,26.535,Malaysia
10/01/2000,26.22,Malaysia
11/01/2000,26.239,Malaysia
12/01/2000,26.133,Malaysia
01/01/2001,25.682,Malaysia
02/01/2001,26.074,Malaysia
03/01/2001,26.609,Malaysia
04/01/2001,26.757,Malaysia
05/01/2001,27.284,Malaysia
06/01/2001,26.595,Malaysia
07/01/2001,26.982,Malaysia
08/01/2001,26.994,Malaysia
09/01/2001,26.617,Malaysia
10/01/2001,26.304,Malaysia
11/01/2001,26.183,Malaysia
12/01/2001,25.92,Malaysia
01/01/2002,26.014,Malaysia
02/01/2002,26.361,Malaysia
03/01/2002,26.985,Malaysia
04/01/2002,27.123,Malaysia
05/01/2002,27.511,Malaysia
06/01/2002,27.009,Malaysia
07/01/2002,27.226,Malaysia
08/01/2002,26.741,Malaysia
09/01/2002,26.486,Malaysia
10/01/2002,26.477,Malaysia
11/01/2002,26.383,Malaysia
12/01/2002,26.63,Malaysia
01/01/2003,26.145,Malaysia
02/01/2003,26.463,Malaysia
03/01/2003,26.892,Malaysia
04/01/2003,27.061,Malaysia
05/01/2003,27.442,Malaysia
06/01/2003,26.946,Malaysia
07/01/2003,26.467,Malaysia
08/01/2003,26.87,Malaysia
09/01/2003,26.52,Malaysia
10/01/2003,26.037,Malaysia
11/01/2003,26.36,Malaysia
12/01/2003,25.718,Malaysia
01/01/2004,26.169,Malaysia
02/01/2004,26.378,Malaysia
03/01/2004,26.956,Malaysia
04/01/2004,27.221,Malaysia
05/01/2004,27.23,Malaysia
06/01/2004,27.045,Malaysia
07/01/2004,26.165,Malaysia
08/01/2004,26.992,Malaysia
09/01/2004,26.305,Malaysia
10/01/2004,26.241,Malaysia
11/01/2004,26.361,Malaysia
12/01/2004,25.849,Malaysia
01/01/2005,25.905,Malaysia
02/01/2005,26.88,Malaysia
03/01/2005,27.03,Malaysia
04/01/2005,27.199,Malaysia
05/01/2005,27.081,Malaysia
06/01/2005,27.079,Malaysia
07/01/2005,26.697,Malaysia
08/01/2005,26.988,Malaysia
09/01/2005,26.985,Malaysia
10/01/2005,26.221,Malaysia
11/01/2005,26.055,Malaysia
12/01/2005,25.675,Malaysia
01/01/2006,25.966,Malaysia
02/01/2006,26.512,Malaysia
03/01/2006,26.939,Malaysia
04/01/2006,26.689,Malaysia
05/01/2006,26.839,Malaysia
06/01/2006,26.573,Malaysia
07/01/2006,27.059,Malaysia
08/01/2006,26.843,Malaysia
09/01/2006,26.377,Malaysia
10/01/2006,26.345,Malaysia
11/01/2006,26.439,Malaysia
12/01/2006,26.351,Malaysia
01/01/2007,25.876,Malaysia
02/01/2007,26.379,Malaysia
03/01/2007,26.852,Malaysia
04/01/2007,26.983,Malaysia
05/01/2007,27.259,Malaysia
06/01/2007,26.913,Malaysia
07/01/2007,26.56,Malaysia
08/01/2007,26.618,Malaysia
09/01/2007,26.488,Malaysia
10/01/2007,26.259,Malaysia
11/01/2007,25.972,Malaysia
12/01/2007,25.797,Malaysia
01/01/2008,25.972,Malaysia
02/01/2008,25.877,Malaysia
03/01/2008,26.08,Malaysia
04/01/2008,26.558,Malaysia
05/01/2008,26.909,Malaysia
06/01/2008,26.441,Malaysia
07/01/2008,26.18,Malaysia
08/01/2008,26.367,Malaysia
09/01/2008,26.404,Malaysia
10/01/2008,26.193,Malaysia
11/01/2008,26.246,Malaysia
12/01/2008,25.822,Malaysia
01/01/2009,25.448,Malaysia
02/01/2009,26.22,Malaysia
03/01/2009,26.503,Malaysia
04/01/2009,27.042,Malaysia
05/01/2009,27.256,Malaysia
06/01/2009,27.37,Malaysia
07/01/2009,26.832,Malaysia
08/01/2009,27.056,Malaysia
09/01/2009,27.086,Malaysia
10/01/2009,26.475,Malaysia
11/01/2009,26.286,Malaysia
12/01/2009,26.13,Malaysia
01/01/2010,26.151,Malaysia
02/01/2010,27.262,Malaysia
03/01/2010,27.503,Malaysia
04/01/2010,27.553,Malaysia
05/01/2010,27.862,Malaysia
06/01/2010,27.099,Malaysia
07/01/2010,26.464,Malaysia
08/01/2010,26.788,Malaysia
09/01/2010,26.497,Malaysia
10/01/2010,26.631,Malaysia
11/01/2010,26.253,Malaysia
12/01/2010,25.617,Malaysia
01/01/2011,25.531,Malaysia
02/01/2011,26.078,Malaysia
03/01/2011,26.129,Malaysia
04/01/2011,26.592,Malaysia
05/01/2011,27.071,Malaysia
06/01/2011,27.002,Malaysia
07/01/2011,26.925,Malaysia
08/01/2011,26.731,Malaysia
09/01/2011,26.677,Malaysia
10/01/2011,26.238,Malaysia
11/01/2011,26.335,Malaysia
12/01/2011,25.978,Malaysia
01/01/2012,26.005,Malaysia
02/01/2012,26.368,Malaysia
03/01/2012,26.521,Malaysia
04/01/2012,26.726,Malaysia
05/01/2012,27.227,Malaysia
06/01/2012,27.27,Malaysia
07/01/2012,26.515,Malaysia
08/01/2012,26.889,Malaysia
09/01/2012,26.752,Malaysia
10/01/2012,26.416,Malaysia
11/01/2012,26.47,Malaysia
12/01/2012,26.314,Malaysia
01/01/2013,26.308,Malaysia
02/01/2013,26.376,Malaysia
03/01/2013,27.461,Malaysia
04/01/2013,27.269,Malaysia
05/01/2013,27.382,Malaysia
06/01/2013,27.614,Malaysia
07/01/2013,26.717,Malaysia
08/01/2013,26.661,Malaysia
09/01/2013,,Malaysia
01/01/1990,24.325,Thailand
02/01/1990,25.832,Thailand
03/01/1990,27.328,Thailand
04/01/1990,29.292,Thailand
05/01/1990,28.151,Thailand
06/01/1990,27.886,Thailand
07/01/1990,27.252,Thailand
08/01/1990,27.57,Thailand
09/01/1990,26.987,Thailand
10/01/1990,26.163,Thailand
11/01/1990,25.125,Thailand
12/01/1990,23.177,Thailand
01/01/1991,24.64,Thailand
02/01/1991,25.403,Thailand
03/01/1991,28.759,Thailand
04/01/1991,29.409,Thailand
05/01/1991,28.971,Thailand
06/01/1991,27.742,Thailand
07/01/1991,27.461,Thailand
08/01/1991,26.823,Thailand
09/01/1991,27.087,Thailand
10/01/1991,25.923,Thailand
11/01/1991,24.382,Thailand
12/01/1991,23.24,Thailand
01/01/1992,22.323,Thailand
02/01/1992,24.643,Thailand
03/01/1992,27.93,Thailand
04/01/1992,30.205,Thailand
05/01/1992,29.696,Thailand
06/01/1992,28.067,Thailand
07/01/1992,27.259,Thailand
08/01/1992,27.024,Thailand
09/01/1992,26.921,Thailand
10/01/1992,24.995,Thailand
11/01/1992,23.595,Thailand
12/01/1992,22.836,Thailand
01/01/1993,22.845,Thailand
02/01/1993,24.328,Thailand
03/01/1993,27.455,Thailand
04/01/1993,28.699,Thailand
05/01/1993,28.609,Thailand
06/01/1993,28.328,Thailand
07/01/1993,27.949,Thailand
08/01/1993,26.973,Thailand
09/01/1993,26.722,Thailand
10/01/1993,25.9,Thailand
11/01/1993,25.06,Thailand
12/01/1993,22.697,Thailand
01/01/1994,24.08,Thailand
02/01/1994,26.752,Thailand
03/01/1994,26.88,Thailand
04/01/1994,29.171,Thailand
05/01/1994,28.352,Thailand
06/01/1994,27.331,Thailand
07/01/1994,27.186,Thailand
08/01/1994,26.623,Thailand
09/01/1994,26.844,Thailand
10/01/1994,25.501,Thailand
11/01/1994,24.955,Thailand
12/01/1994,24.049,Thailand
01/01/1995,23.808,Thailand
02/01/1995,24.834,Thailand
03/01/1995,28.267,Thailand
04/01/1995,29.763,Thailand
05/01/1995,28.658,Thailand
06/01/1995,28.341,Thailand
07/01/1995,27.151,Thailand
08/01/1995,27.018,Thailand
09/01/1995,26.901,Thailand
10/01/1995,26.432,Thailand
11/01/1995,24.79,Thailand
12/01/1995,22.396,Thailand
01/01/1996,23.195,Thailand
02/01/1996,24.06,Thailand
03/01/1996,27.857,Thailand
04/01/1996,28.15,Thailand
05/01/1996,28.091,Thailand
06/01/1996,27.746,Thailand
07/01/1996,27.36,Thailand
08/01/1996,27.059,Thailand
09/01/1996,26.614,Thailand
10/01/1996,26.215,Thailand
11/01/1996,25.299,Thailand
12/01/1996,22.58,Thailand
01/01/1997,22.825,Thailand
02/01/1997,25.059,Thailand
03/01/1997,27.402,Thailand
04/01/1997,27.688,Thailand
05/01/1997,29.163,Thailand
06/01/1997,28.675,Thailand
07/01/1997,27.341,Thailand
08/01/1997,27.273,Thailand
09/01/1997,26.831,Thailand
10/01/1997,26.723,Thailand
11/01/1997,25.75,Thailand
12/01/1997,24.892,Thailand
01/01/1998,25.118,Thailand
02/01/1998,26.732,Thailand
03/01/1998,29.135,Thailand
04/01/1998,29.971,Thailand
05/01/1998,29.884,Thailand
06/01/1998,28.933,Thailand
07/01/1998,28.069,Thailand
08/01/1998,27.717,Thailand
09/01/1998,27.166,Thailand
10/01/1998,26.618,Thailand
11/01/1998,25.365,Thailand
12/01/1998,23.848,Thailand
01/01/1999,24.087,Thailand
02/01/1999,25.856,Thailand
03/01/1999,28.226,Thailand
04/01/1999,28.003,Thailand
05/01/1999,27.243,Thailand
06/01/1999,27.492,Thailand
07/01/1999,27.57,Thailand
08/01/1999,27.002,Thailand
09/01/1999,26.85,Thailand
10/01/1999,26.07,Thailand
11/01/1999,25.07,Thailand
12/01/1999,21.198,Thailand
01/01/2000,24.032,Thailand
02/01/2000,24.679,Thailand
03/01/2000,27.246,Thailand
04/01/2000,28.062,Thailand
05/01/2000,27.71,Thailand
06/01/2000,27.326,Thailand
07/01/2000,27.243,Thailand
08/01/2000,27.321,Thailand
09/01/2000,26.609,Thailand
10/01/2000,26.468,Thailand
11/01/2000,24.576,Thailand
12/01/2000,24.354,Thailand
01/01/2001,24.994,Thailand
02/01/2001,25.939,Thailand
03/01/2001,27.066,Thailand
04/01/2001,30.125,Thailand
05/01/2001,27.86,Thailand
06/01/2001,27.646,Thailand
07/01/2001,27.567,Thailand
08/01/2001,27.405,Thailand
09/01/2001,27.27,Thailand
10/01/2001,26.637,Thailand
11/01/2001,23.822,Thailand
12/01/2001,23.827,Thailand
01/01/2002,23.469,Thailand
02/01/2002,25.958,Thailand
03/01/2002,27.747,Thailand
04/01/2002,29.231,Thailand
05/01/2002,28.221,Thailand
06/01/2002,28.206,Thailand
07/01/2002,27.776,Thailand
08/01/2002,26.981,Thailand
09/01/2002,26.716,Thailand
10/01/2002,26.633,Thailand
11/01/2002,25.556,Thailand
12/01/2002,24.939,Thailand
01/01/2003,23.227,Thailand
02/01/2003,25.813,Thailand
03/01/2003,27.102,Thailand
04/01/2003,29.361,Thailand
05/01/2003,29.041,Thailand
06/01/2003,27.905,Thailand
07/01/2003,27.59,Thailand
08/01/2003,27.506,Thailand
09/01/2003,26.906,Thailand
10/01/2003,26.609,Thailand
11/01/2003,25.771,Thailand
12/01/2003,22.957,Thailand
01/01/2004,23.97,Thailand
02/01/2004,24.612,Thailand
03/01/2004,28.268,Thailand
04/01/2004,29.376,Thailand
05/01/2004,28.242,Thailand
06/01/2004,27.496,Thailand
07/01/2004,27.173,Thailand
08/01/2004,27.354,Thailand
09/01/2004,26.806,Thailand
10/01/2004,26.225,Thailand
11/01/2004,25.793,Thailand
12/01/2004,22.685,Thailand
01/01/2005,23.696,Thailand
02/01/2005,26.939,Thailand
03/01/2005,27.528,Thailand
04/01/2005,29.194,Thailand
05/01/2005,29.19,Thailand
06/01/2005,28.212,Thailand
07/01/2005,27.633,Thailand
08/01/2005,27.253,Thailand
09/01/2005,26.989,Thailand
10/01/2005,26.659,Thailand
11/01/2005,25.61,Thailand
12/01/2005,23.095,Thailand
01/01/2006,23.893,Thailand
02/01/2006,26.146,Thailand
03/01/2006,28.198,Thailand
04/01/2006,28.599,Thailand
05/01/2006,27.807,Thailand
06/01/2006,28.168,Thailand
07/01/2006,27.457,Thailand
08/01/2006,27.126,Thailand
09/01/2006,27.068,Thailand
10/01/2006,26.638,Thailand
11/01/2006,26.255,Thailand
12/01/2006,23.583,Thailand
01/01/2007,23.528,Thailand
02/01/2007,25.654,Thailand
03/01/2007,28.355,Thailand
04/01/2007,28.95,Thailand
05/01/2007,27.774,Thailand
06/01/2007,28.473,Thailand
07/01/2007,27.686,Thailand
08/01/2007,27.51,Thailand
09/01/2007,27.197,Thailand
10/01/2007,26.004,Thailand
11/01/2007,24.132,Thailand
12/01/2007,24.38,Thailand
01/01/2008,23.742,Thailand
02/01/2008,24.303,Thailand
03/01/2008,27.338,Thailand
04/01/2008,28.607,Thailand
05/01/2008,27.555,Thailand
06/01/2008,27.686,Thailand
07/01/2008,27.339,Thailand
08/01/2008,27.296,Thailand
09/01/2008,26.944,Thailand
10/01/2008,26.764,Thailand
11/01/2008,24.633,Thailand
12/01/2008,22.457,Thailand
01/01/2009,22.001,Thailand
02/01/2009,26.425,Thailand
03/01/2009,27.578,Thailand
04/01/2009,28.74,Thailand
05/01/2009,28.1,Thailand
06/01/2009,27.962,Thailand
07/01/2009,27.518,Thailand
08/01/2009,27.831,Thailand
09/01/2009,27.411,Thailand
10/01/2009,26.922,Thailand
11/01/2009,25.208,Thailand
12/01/2009,24.081,Thailand
01/01/2010,24.86,Thailand
02/01/2010,26.866,Thailand
03/01/2010,28.407,Thailand
04/01/2010,30.398,Thailand
05/01/2010,30.327,Thailand
06/01/2010,29.162,Thailand
07/01/2010,28.183,Thailand
08/01/2010,27.294,Thailand
09/01/2010,27.489,Thailand
10/01/2010,26.258,Thailand
11/01/2010,25.253,Thailand
12/01/2010,24.179,Thailand
01/01/2011,23.116,Thailand
02/01/2011,25.728,Thailand
03/01/2011,25.553,Thailand
04/01/2011,27.894,Thailand
05/01/2011,28.118,Thailand
06/01/2011,27.877,Thailand
07/01/2011,27.544,Thailand
08/01/2011,27.145,Thailand
09/01/2011,26.9,Thailand
10/01/2011,26.286,Thailand
11/01/2011,25.7,Thailand
12/01/2011,23.159,Thailand
01/01/2012,24.475,Thailand
02/01/2012,26.318,Thailand
03/01/2012,27.924,Thailand
04/01/2012,29.019,Thailand
05/01/2012,28.562,Thailand
06/01/2012,28.266,Thailand
07/01/2012,27.685,Thailand
08/01/2012,27.685,Thailand
09/01/2012,27.439,Thailand
10/01/2012,27.256,Thailand
11/01/2012,27.256,Thailand
12/01/2012,25.583,Thailand
01/01/2013,24.373,Thailand
02/01/2013,27.148,Thailand
03/01/2013,28.528,Thailand
04/01/2013,29.885,Thailand
05/01/2013,29.548,Thailand
06/01/2013,28.325,Thailand
07/01/2013,27.564,Thailand
08/01/2013,27.548,Thailand
09/01/2013,,Thailand
01/01/1990,19.982,Vietnam
02/01/1990,21.093,Vietnam
03/01/1990,22.726,Vietnam
04/01/1990,25.645,Vietnam
05/01/1990,26.198,Vietnam
06/01/1990,27.118,Vietnam
07/01/1990,27.031,Vietnam
08/01/1990,27.245,Vietnam
09/01/1990,26.348,Vietnam
10/01/1990,24.33,Vietnam
11/01/1990,22.796,Vietnam
12/01/1990,20.777,Vietnam
01/01/1991,20.577,Vietnam
02/01/1991,21.205,Vietnam
03/01/1991,23.771,Vietnam
04/01/1991,25.084,Vietnam
05/01/1991,26.977,Vietnam
06/01/1991,27.157,Vietnam
07/01/1991,26.846,Vietnam
08/01/1991,26.669,Vietnam
09/01/1991,26.182,Vietnam
10/01/1991,24.139,Vietnam
11/01/1991,22.097,Vietnam
12/01/1991,20.614,Vietnam
01/01/1992,18.43,Vietnam
02/01/1992,20.057,Vietnam
03/01/1992,22.809,Vietnam
04/01/1992,25.6,Vietnam
05/01/1992,27.309,Vietnam
06/01/1992,27.253,Vietnam
07/01/1992,26.577,Vietnam
08/01/1992,26.906,Vietnam
09/01/1992,26.329,Vietnam
10/01/1992,23.177,Vietnam
11/01/1992,21.108,Vietnam
12/01/1992,20.66,Vietnam
01/01/1993,18.764,Vietnam
02/01/1993,20.511,Vietnam
03/01/1993,22.824,Vietnam
04/01/1993,25.041,Vietnam
05/01/1993,26.769,Vietnam
06/01/1993,27.807,Vietnam
07/01/1993,27.428,Vietnam
08/01/1993,26.911,Vietnam
09/01/1993,25.828,Vietnam
10/01/1993,23.53,Vietnam
11/01/1993,22.434,Vietnam
12/01/1993,19.381,Vietnam
01/01/1994,20.164,Vietnam
02/01/1994,21.731,Vietnam
03/01/1994,21.794,Vietnam
04/01/1994,25.889,Vietnam
05/01/1994,26.958,Vietnam
06/01/1994,26.778,Vietnam
07/01/1994,26.735,Vietnam
08/01/1994,26.69,Vietnam
09/01/1994,25.676,Vietnam
10/01/1994,23.535,Vietnam
11/01/1994,22.884,Vietnam
12/01/1994,21.079,Vietnam
01/01/1995,19.361,Vietnam
02/01/1995,19.744,Vietnam
03/01/1995,22.608,Vietnam
04/01/1995,25.675,Vietnam
05/01/1995,26.816,Vietnam
06/01/1995,27.601,Vietnam
07/01/1995,26.936,Vietnam
08/01/1995,26.565,Vietnam
09/01/1995,25.729,Vietnam
10/01/1995,24.779,Vietnam
11/01/1995,21.792,Vietnam
12/01/1995,19.422,Vietnam
01/01/1996,19.206,Vietnam
02/01/1996,19.232,Vietnam
03/01/1996,22.997,Vietnam
04/01/1996,23.639,Vietnam
05/01/1996,26.442,Vietnam
06/01/1996,27.079,Vietnam
07/01/1996,27.034,Vietnam
08/01/1996,26.678,Vietnam
09/01/1996,25.723,Vietnam
10/01/1996,24.404,Vietnam
11/01/1996,22.87,Vietnam
12/01/1996,19.692,Vietnam
01/01/1997,19.629,Vietnam
02/01/1997,20.144,Vietnam
03/01/1997,22.847,Vietnam
04/01/1997,24.828,Vietnam
05/01/1997,27.069,Vietnam
06/01/1997,27.534,Vietnam
07/01/1997,26.745,Vietnam
08/01/1997,27.012,Vietnam
09/01/1997,25.274,Vietnam
10/01/1997,24.91,Vietnam
11/01/1997,23.383,Vietnam
12/01/1997,21.297,Vietnam
01/01/1998,21.054,Vietnam
02/01/1998,21.933,Vietnam
03/01/1998,23.988,Vietnam
04/01/1998,26.457,Vietnam
05/01/1998,27.775,Vietnam
06/01/1998,28.058,Vietnam
07/01/1998,27.732,Vietnam
08/01/1998,27.381,Vietnam
09/01/1998,26.111,Vietnam
10/01/1998,24.683,Vietnam
11/01/1998,22.849,Vietnam
12/01/1998,20.777,Vietnam
01/01/1999,20.029,Vietnam
02/01/1999,21.402,Vietnam
03/01/1999,23.798,Vietnam
04/01/1999,25.412,Vietnam
05/01/1999,25.658,Vietnam
06/01/1999,27.116,Vietnam
07/01/1999,27.226,Vietnam
08/01/1999,26.615,Vietnam
09/01/1999,26.093,Vietnam
10/01/1999,24.417,Vietnam
11/01/1999,22.547,Vietnam
12/01/1999,18.484,Vietnam
01/01/2000,20.329,Vietnam
02/01/2000,19.886,Vietnam
03/01/2000,22.626,Vietnam
04/01/2000,25.217,Vietnam
05/01/2000,26.261,Vietnam
06/01/2000,26.616,Vietnam
07/01/2000,26.889,Vietnam
08/01/2000,26.902,Vietnam
09/01/2000,25.697,Vietnam
10/01/2000,24.292,Vietnam
11/01/2000,22.08,Vietnam
12/01/2000,20.988,Vietnam
01/01/2001,20.692,Vietnam
02/01/2001,20.582,Vietnam
03/01/2001,23.102,Vietnam
04/01/2001,25.846,Vietnam
05/01/2001,26.343,Vietnam
06/01/2001,26.908,Vietnam
07/01/2001,27.303,Vietnam
08/01/2001,26.685,Vietnam
09/01/2001,26.334,Vietnam
10/01/2001,24.765,Vietnam
11/01/2001,21.535,Vietnam
12/01/2001,20.124,Vietnam
01/01/2002,19.691,Vietnam
02/01/2002,21.214,Vietnam
03/01/2002,23.558,Vietnam
04/01/2002,26.04,Vietnam
05/01/2002,27.024,Vietnam
06/01/2002,27.565,Vietnam
07/01/2002,27.475,Vietnam
08/01/2002,26.359,Vietnam
09/01/2002,25.626,Vietnam
10/01/2002,24.458,Vietnam
11/01/2002,22.505,Vietnam
12/01/2002,21.21,Vietnam
01/01/2003,19.269,Vietnam
02/01/2003,22.12,Vietnam
03/01/2003,23.344,Vietnam
04/01/2003,26.278,Vietnam
05/01/2003,27.257,Vietnam
06/01/2003,27.58,Vietnam
07/01/2003,27.389,Vietnam
08/01/2003,27.121,Vietnam
09/01/2003,25.952,Vietnam
10/01/2003,24.586,Vietnam
11/01/2003,23.222,Vietnam
12/01/2003,19.855,Vietnam
01/01/2004,19.824,Vietnam
02/01/2004,20.301,Vietnam
03/01/2004,23.008,Vietnam
04/01/2004,25.337,Vietnam
05/01/2004,26.518,Vietnam
06/01/2004,27.085,Vietnam
07/01/2004,26.775,Vietnam
08/01/2004,27.004,Vietnam
09/01/2004,26.027,Vietnam
10/01/2004,23.986,Vietnam
11/01/2004,22.912,Vietnam
12/01/2004,19.906,Vietnam
01/01/2005,19.279,Vietnam
02/01/2005,21.574,Vietnam
03/01/2005,21.977,Vietnam
04/01/2005,25.252,Vietnam
05/01/2005,27.935,Vietnam
06/01/2005,27.972,Vietnam
07/01/2005,27.125,Vietnam
08/01/2005,26.834,Vietnam
09/01/2005,26.307,Vietnam
10/01/2005,24.712,Vietnam
11/01/2005,23.215,Vietnam
12/01/2005,19.394,Vietnam
01/01/2006,20.088,Vietnam
02/01/2006,21.393,Vietnam
03/01/2006,23.138,Vietnam
04/01/2006,25.803,Vietnam
05/01/2006,26.605,Vietnam
06/01/2006,27.724,Vietnam
07/01/2006,27.353,Vietnam
08/01/2006,26.527,Vietnam
09/01/2006,25.917,Vietnam
10/01/2006,25.156,Vietnam
11/01/2006,24.039,Vietnam
12/01/2006,20.534,Vietnam
01/01/2007,19.406,Vietnam
02/01/2007,22.371,Vietnam
03/01/2007,23.782,Vietnam
04/01/2007,24.808,Vietnam
05/01/2007,26.406,Vietnam
06/01/2007,27.865,Vietnam
07/01/2007,27.365,Vietnam
08/01/2007,26.736,Vietnam
09/01/2007,25.868,Vietnam
10/01/2007,24.222,Vietnam
11/01/2007,21.378,Vietnam
12/01/2007,21.419,Vietnam
01/01/2008,19.229,Vietnam
02/01/2008,18.1,Vietnam
03/01/2008,22.706,Vietnam
04/01/2008,25.57,Vietnam
05/01/2008,26.137,Vietnam
06/01/2008,26.955,Vietnam
07/01/2008,27.082,Vietnam
08/01/2008,26.684,Vietnam
09/01/2008,26.112,Vietnam
10/01/2008,24.998,Vietnam
11/01/2008,22.075,Vietnam
12/01/2008,19.76,Vietnam
01/01/2009,18.413,Vietnam
02/01/2009,23.029,Vietnam
03/01/2009,23.717,Vietnam
04/01/2009,25.25,Vietnam
05/01/2009,26.184,Vietnam
06/01/2009,27.726,Vietnam
07/01/2009,27.143,Vietnam
08/01/2009,27.342,Vietnam
09/01/2009,26.373,Vietnam
10/01/2009,25.002,Vietnam
11/01/2009,22.341,Vietnam
12/01/2009,21.067,Vietnam
01/01/2010,20.915,Vietnam
02/01/2010,22.809,Vietnam
03/01/2010,23.937,Vietnam
04/01/2010,25.68,Vietnam
05/01/2010,28.304,Vietnam
06/01/2010,28.124,Vietnam
07/01/2010,27.729,Vietnam
08/01/2010,26.689,Vietnam
09/01/2010,26.617,Vietnam
10/01/2010,24.082,Vietnam
11/01/2010,22.238,Vietnam
12/01/2010,20.876,Vietnam
01/01/2011,17.726,Vietnam
02/01/2011,20.704,Vietnam
03/01/2011,20.761,Vietnam
04/01/2011,24.307,Vietnam
05/01/2011,26.522,Vietnam
06/01/2011,27.397,Vietnam
07/01/2011,27.305,Vietnam
08/01/2011,26.933,Vietnam
09/01/2011,25.906,Vietnam
10/01/2011,24.069,Vietnam
11/01/2011,23.206,Vietnam
12/01/2011,19.475,Vietnam
01/01/2012,19.23,Vietnam
02/01/2012,20.764,Vietnam
03/01/2012,23.205,Vietnam
04/01/2012,26.063,Vietnam
05/01/2012,27.429,Vietnam
06/01/2012,27.682,Vietnam
07/01/2012,27.405,Vietnam
08/01/2012,27.373,Vietnam
09/01/2012,26.095,Vietnam
10/01/2012,25.091,Vietnam
11/01/2012,24.192,Vietnam
12/01/2012,21.923,Vietnam
01/01/2013,19.885,Vietnam
02/01/2013,22.549,Vietnam
03/01/2013,24.335,Vietnam
04/01/2013,25.887,Vietnam
05/01/2013,27.443,Vietnam
06/01/2013,27.623,Vietnam
07/01/2013,27.109,Vietnam
08/01/2013,27.026,Vietnam
09/01/2013,,Vietnam
01/01/1990,26.062,Singapore
02/01/1990,27.267,Singapore
03/01/1990,27.707,Singapore
04/01/1990,27.824,Singapore
05/01/1990,27.936,Singapore
06/01/1990,27.856,Singapore
07/01/1990,26.948,Singapore
08/01/1990,27.315,Singapore
09/01/1990,26.74,Singapore
10/01/1990,26.786,Singapore
11/01/1990,26.905,Singapore
12/01/1990,26.214,Singapore
01/01/1991,26.466,Singapore
02/01/1991,27.023,Singapore
03/01/1991,27.308,Singapore
04/01/1991,27.475,Singapore
05/01/1991,27.458,Singapore
06/01/1991,28.014,Singapore
07/01/1991,27.612,Singapore
08/01/1991,27.192,Singapore
09/01/1991,26.946,Singapore
10/01/1991,26.488,Singapore
11/01/1991,26.282,Singapore
12/01/1991,25.665,Singapore
01/01/1992,26.397,Singapore
02/01/1992,26.951,Singapore
03/01/1992,27.641,Singapore
04/01/1992,27.898,Singapore
05/01/1992,27.774,Singapore
06/01/1992,27.741,Singapore
07/01/1992,26.925,Singapore
08/01/1992,27.138,Singapore
09/01/1992,26.754,Singapore
10/01/1992,26.876,Singapore
11/01/1992,26.166,Singapore
12/01/1992,25.708,Singapore
01/01/1993,26.186,Singapore
02/01/1993,26.654,Singapore
03/01/1993,26.587,Singapore
04/01/1993,27.142,Singapore
05/01/1993,27.488,Singapore
06/01/1993,27.947,Singapore
07/01/1993,27.172,Singapore
08/01/1993,27.478,Singapore
09/01/1993,26.897,Singapore
10/01/1993,26.559,Singapore
11/01/1993,26.589,Singapore
12/01/1993,26.447,Singapore
01/01/1994,26.579,Singapore
02/01/1994,26.89,Singapore
03/01/1994,26.405,Singapore
04/01/1994,27.288,Singapore
05/01/1994,27.582,Singapore
06/01/1994,27.63,Singapore
07/01/1994,27.655,Singapore
08/01/1994,27.384,Singapore
09/01/1994,27.428,Singapore
10/01/1994,26.885,Singapore
11/01/1994,26.522,Singapore
12/01/1994,26.805,Singapore
01/01/1995,26.471,Singapore
02/01/1995,26.252,Singapore
03/01/1995,27.17,Singapore
04/01/1995,27.328,Singapore
05/01/1995,27.961,Singapore
06/01/1995,28.083,Singapore
07/01/1995,27.284,Singapore
08/01/1995,26.835,Singapore
09/01/1995,27.329,Singapore
10/01/1995,27.046,Singapore
11/01/1995,26.86,Singapore
12/01/1995,26.251,Singapore
01/01/1996,26.019,Singapore
02/01/1996,26.392,Singapore
03/01/1996,27.289,Singapore
04/01/1996,27.284,Singapore
05/01/1996,27.985,Singapore
06/01/1996,27.877,Singapore
07/01/1996,27.652,Singapore
08/01/1996,26.931,Singapore
09/01/1996,27.06,Singapore
10/01/1996,26.693,Singapore
11/01/1996,26.976,Singapore
12/01/1996,26.362,Singapore
01/01/1997,26.495,Singapore
02/01/1997,26.985,Singapore
03/01/1997,27.384,Singapore
04/01/1997,27.141,Singapore
05/01/1997,28.275,Singapore
06/01/1997,28.122,Singapore
07/01/1997,27.817,Singapore
08/01/1997,27.847,Singapore
09/01/1997,27.459,Singapore
10/01/1997,27.053,Singapore
11/01/1997,27.144,Singapore
12/01/1997,26.945,Singapore
01/01/1998,27.423,Singapore
02/01/1998,28.253,Singapore
03/01/1998,28.716,Singapore
04/01/1998,28.625,Singapore
05/01/1998,28.88,Singapore
06/01/1998,28.248,Singapore
07/01/1998,27.562,Singapore
08/01/1998,26.935,Singapore
09/01/1998,27.34,Singapore
10/01/1998,27.383,Singapore
11/01/1998,27.464,Singapore
12/01/1998,26.482,Singapore
01/01/1999,26.47,Singapore
02/01/1999,27.001,Singapore
03/01/1999,27.09,Singapore
04/01/1999,27.715,Singapore
05/01/1999,27.536,Singapore
06/01/1999,27.578,Singapore
07/01/1999,27.183,Singapore
08/01/1999,26.83,Singapore
09/01/1999,26.937,Singapore
10/01/1999,26.482,Singapore
11/01/1999,26.848,Singapore
12/01/1999,26.531,Singapore
01/01/2000,26.016,Singapore
02/01/2000,26.508,Singapore
03/01/2000,27.25,Singapore
04/01/2000,27.186,Singapore
05/01/2000,28.227,Singapore
06/01/2000,27.358,Singapore
07/01/2000,27.553,Singapore
08/01/2000,27.051,Singapore
09/01/2000,27.069,Singapore
10/01/2000,27.169,Singapore
11/01/2000,27.041,Singapore
12/01/2000,26.73,Singapore
01/01/2001,26.202,Singapore
02/01/2001,26.775,Singapore
03/01/2001,27.598,Singapore
04/01/2001,27.345,Singapore
05/01/2001,28.073,Singapore
06/01/2001,27.605,Singapore
07/01/2001,27.648,Singapore
08/01/2001,27.361,Singapore
09/01/2001,27.087,Singapore
10/01/2001,27.104,Singapore
11/01/2001,26.918,Singapore
12/01/2001,26.556,Singapore
01/01/2002,26.558,Singapore
02/01/2002,26.99,Singapore
03/01/2002,27.572,Singapore
04/01/2002,27.614,Singapore
05/01/2002,28.388,Singapore
06/01/2002,28.032,Singapore
07/01/2002,27.738,Singapore
08/01/2002,27.682,Singapore
09/01/2002,27.006,Singapore
10/01/2002,27.527,Singapore
11/01/2002,26.946,Singapore
12/01/2002,26.82,Singapore
01/01/2003,26.445,Singapore
02/01/2003,26.875,Singapore
03/01/2003,27.754,Singapore
04/01/2003,27.327,Singapore
05/01/2003,28.574,Singapore
06/01/2003,28.22,Singapore
07/01/2003,27.524,Singapore
08/01/2003,27.617,Singapore
09/01/2003,27.048,Singapore
10/01/2003,27.015,Singapore
11/01/2003,26.937,Singapore
12/01/2003,26.406,Singapore
01/01/2004,26.648,Singapore
02/01/2004,27.225,Singapore
03/01/2004,27.426,Singapore
04/01/2004,28.016,Singapore
05/01/2004,28.268,Singapore
06/01/2004,28.309,Singapore
07/01/2004,26.837,Singapore
08/01/2004,27.637,Singapore
09/01/2004,27.141,Singapore
10/01/2004,26.993,Singapore
11/01/2004,26.926,Singapore
12/01/2004,26.518,Singapore
01/01/2005,26.375,Singapore
02/01/2005,27.969,Singapore
03/01/2005,27.998,Singapore
04/01/2005,27.839,Singapore
05/01/2005,28.031,Singapore
06/01/2005,28.251,Singapore
07/01/2005,27.537,Singapore
08/01/2005,27.553,Singapore
09/01/2005,27.662,Singapore
10/01/2005,26.959,Singapore
11/01/2005,26.904,Singapore
12/01/2005,26.845,Singapore
01/01/2006,26.318,Singapore
02/01/2006,27.235,Singapore
03/01/2006,27.84,Singapore
04/01/2006,27.294,Singapore
05/01/2006,27.842,Singapore
06/01/2006,27.502,Singapore
07/01/2006,27.907,Singapore
08/01/2006,27.629,Singapore
09/01/2006,27.222,Singapore
10/01/2006,27.493,Singapore
11/01/2006,27.106,Singapore
12/01/2006,26.553,Singapore
01/01/2007,26.392,Singapore
02/01/2007,26.81,Singapore
03/01/2007,27.291,Singapore
04/01/2007,27.496,Singapore
05/01/2007,27.95,Singapore
06/01/2007,28.052,Singapore
07/01/2007,27.344,Singapore
08/01/2007,27.174,Singapore
09/01/2007,27.105,Singapore
10/01/2007,26.961,Singapore
11/01/2007,26.741,Singapore
12/01/2007,26.244,Singapore
01/01/2008,26.535,Singapore
02/01/2008,26.583,Singapore
03/01/2008,26.49,Singapore
04/01/2008,27.282,Singapore
05/01/2008,28.043,Singapore
06/01/2008,27.696,Singapore
07/01/2008,27.222,Singapore
08/01/2008,27.121,Singapore
09/01/2008,27.086,Singapore
10/01/2008,26.921,Singapore
11/01/2008,27.143,Singapore
12/01/2008,26.69,Singapore
01/01/2009,26.474,Singapore
02/01/2009,26.983,Singapore
03/01/2009,26.984,Singapore
04/01/2009,27.893,Singapore
05/01/2009,28.445,Singapore
06/01/2009,28.435,Singapore
07/01/2009,27.779,Singapore
08/01/2009,27.665,Singapore
09/01/2009,27.745,Singapore
10/01/2009,27.447,Singapore
11/01/2009,27.063,Singapore
12/01/2009,26.767,Singapore
01/01/2010,27.064,Singapore
02/01/2010,28.141,Singapore
03/01/2010,27.882,Singapore
04/01/2010,28.18,Singapore
05/01/2010,28.822,Singapore
06/01/2010,28.024,Singapore
07/01/2010,27.356,Singapore
08/01/2010,27.388,Singapore
09/01/2010,27.159,Singapore
10/01/2010,27.459,Singapore
11/01/2010,27.094,Singapore
12/01/2010,26.673,Singapore
01/01/2011,25.957,Singapore
02/01/2011,26.936,Singapore
03/01/2011,27.083,Singapore
04/01/2011,27.507,Singapore
05/01/2011,28.259,Singapore
06/01/2011,28.024,Singapore
07/01/2011,28.153,Singapore
08/01/2011,27.647,Singapore
09/01/2011,27.436,Singapore
10/01/2011,26.878,Singapore
11/01/2011,27.049,Singapore
12/01/2011,26.457,Singapore
01/01/2012,26.842,Singapore
02/01/2012,26.955,Singapore
03/01/2012,27.058,Singapore
04/01/2012,27.278,Singapore
05/01/2012,28,Singapore
06/01/2012,28.372,Singapore
07/01/2012,27.445,Singapore
08/01/2012,27.556,Singapore
09/01/2012,27.551,Singapore
10/01/2012,27.192,Singapore
11/01/2012,26.951,Singapore
12/01/2012,26.443,Singapore
01/01/2013,26.836,Singapore
02/01/2013,26.563,Singapore
03/01/2013,28.053,Singapore
04/01/2013,27.767,Singapore
05/01/2013,28.083,Singapore
06/01/2013,28.662,Singapore
07/01/2013,27.487,Singapore
08/01/2013,27.372,Singapore
09/01/2013,,Singapore
01/01/1990,18.984,Bangladesh
02/01/1990,21.471,Bangladesh
03/01/1990,24.201,Bangladesh
04/01/1990,26.722,Bangladesh
05/01/1990,28.172,Bangladesh
06/01/1990,28.654,Bangladesh
07/01/1990,28.027,Bangladesh
08/01/1990,28.674,Bangladesh
09/01/1990,28.364,Bangladesh
10/01/1990,25.888,Bangladesh
11/01/1990,24.449,Bangladesh
12/01/1990,19.775,Bangladesh
01/01/1991,17.746,Bangladesh
02/01/1991,22.028,Bangladesh
03/01/1991,26.187,Bangladesh
04/01/1991,27.818,Bangladesh
05/01/1991,27.699,Bangladesh
06/01/1991,27.964,Bangladesh
07/01/1991,28.409,Bangladesh
08/01/1991,28.46,Bangladesh
09/01/1991,27.788,Bangladesh
10/01/1991,26.506,Bangladesh
11/01/1991,22.298,Bangladesh
12/01/1991,18.719,Bangladesh
01/01/1992,17.744,Bangladesh
02/01/1992,19.731,Bangladesh
03/01/1992,26.022,Bangladesh
04/01/1992,28.872,Bangladesh
05/01/1992,27.899,Bangladesh
06/01/1992,28.793,Bangladesh
07/01/1992,27.768,Bangladesh
08/01/1992,28.4,Bangladesh
09/01/1992,28.082,Bangladesh
10/01/1992,26.521,Bangladesh
11/01/1992,23.207,Bangladesh
12/01/1992,18.428,Bangladesh
01/01/1993,17.58,Bangladesh
02/01/1993,21.59,Bangladesh
03/01/1993,23.992,Bangladesh
04/01/1993,27.009,Bangladesh
05/01/1993,27.465,Bangladesh
06/01/1993,27.933,Bangladesh
07/01/1993,28.269,Bangladesh
08/01/1993,28.138,Bangladesh
09/01/1993,27.719,Bangladesh
10/01/1993,26.805,Bangladesh
11/01/1993,23.539,Bangladesh
12/01/1993,19.999,Bangladesh
01/01/1994,18.958,Bangladesh
02/01/1994,20.209,Bangladesh
03/01/1994,25.551,Bangladesh
04/01/1994,27.455,Bangladesh
05/01/1994,28.988,Bangladesh
06/01/1994,28.195,Bangladesh
07/01/1994,28.421,Bangladesh
08/01/1994,28.397,Bangladesh
09/01/1994,28.391,Bangladesh
10/01/1994,26.497,Bangladesh
11/01/1994,23.191,Bangladesh
12/01/1994,18.887,Bangladesh
01/01/1995,17.393,Bangladesh
02/01/1995,20.621,Bangladesh
03/01/1995,25.26,Bangladesh
04/01/1995,28.806,Bangladesh
05/01/1995,29.715,Bangladesh
06/01/1995,28.627,Bangladesh
07/01/1995,27.959,Bangladesh
08/01/1995,28.411,Bangladesh
09/01/1995,28.074,Bangladesh
10/01/1995,27.159,Bangladesh
11/01/1995,23.619,Bangladesh
12/01/1995,19.346,Bangladesh
01/01/1996,18.299,Bangladesh
02/01/1996,21.301,Bangladesh
03/01/1996,26.406,Bangladesh
04/01/1996,28.094,Bangladesh
05/01/1996,29.017,Bangladesh
06/01/1996,28.066,Bangladesh
07/01/1996,28.285,Bangladesh
08/01/1996,27.944,Bangladesh
09/01/1996,28.601,Bangladesh
10/01/1996,26.452,Bangladesh
11/01/1996,23.278,Bangladesh
12/01/1996,19.54,Bangladesh
01/01/1997,17.543,Bangladesh
02/01/1997,19.96,Bangladesh
03/01/1997,25.547,Bangladesh
04/01/1997,25.474,Bangladesh
05/01/1997,28.437,Bangladesh
06/01/1997,28.327,Bangladesh
07/01/1997,28.129,Bangladesh
08/01/1997,28.571,Bangladesh
09/01/1997,27.627,Bangladesh
10/01/1997,26.046,Bangladesh
11/01/1997,23.847,Bangladesh
12/01/1997,18.803,Bangladesh
01/01/1998,17.133,Bangladesh
02/01/1998,21.253,Bangladesh
03/01/1998,23.733,Bangladesh
04/01/1998,27.154,Bangladesh
05/01/1998,28.905,Bangladesh
06/01/1998,29.643,Bangladesh
07/01/1998,28.213,Bangladesh
08/01/1998,28.424,Bangladesh
09/01/1998,28.546,Bangladesh
10/01/1998,27.966,Bangladesh
11/01/1998,24.973,Bangladesh
12/01/1998,20.347,Bangladesh
01/01/1999,18.571,Bangladesh
02/01/1999,22.836,Bangladesh
03/01/1999,26.449,Bangladesh
04/01/1999,29.454,Bangladesh
05/01/1999,28.18,Bangladesh
06/01/1999,28.441,Bangladesh
07/01/1999,27.968,Bangladesh
08/01/1999,27.969,Bangladesh
09/01/1999,27.817,Bangladesh
10/01/1999,26.943,Bangladesh
11/01/1999,23.733,Bangladesh
12/01/1999,20.217,Bangladesh
01/01/2000,18.228,Bangladesh
02/01/2000,20.057,Bangladesh
03/01/2000,24.802,Bangladesh
04/01/2000,27.619,Bangladesh
05/01/2000,27.899,Bangladesh
06/01/2000,28.384,Bangladesh
07/01/2000,28.373,Bangladesh
08/01/2000,28.561,Bangladesh
09/01/2000,27.851,Bangladesh
10/01/2000,27.038,Bangladesh
11/01/2000,23.74,Bangladesh
12/01/2000,19.25,Bangladesh
01/01/2001,17.668,Bangladesh
02/01/2001,21.483,Bangladesh
03/01/2001,25.366,Bangladesh
04/01/2001,28.128,Bangladesh
05/01/2001,27.693,Bangladesh
06/01/2001,27.689,Bangladesh
07/01/2001,28.25,Bangladesh
08/01/2001,28.875,Bangladesh
09/01/2001,28.446,Bangladesh
10/01/2001,26.894,Bangladesh
11/01/2001,24.081,Bangladesh
12/01/2001,19.471,Bangladesh
01/01/2002,18.764,Bangladesh
02/01/2002,21.625,Bangladesh
03/01/2002,25.534,Bangladesh
04/01/2002,27.281,Bangladesh
05/01/2002,27.88,Bangladesh
06/01/2002,28.312,Bangladesh
07/01/2002,28.289,Bangladesh
08/01/2002,28.223,Bangladesh
09/01/2002,28.191,Bangladesh
10/01/2002,26.765,Bangladesh
11/01/2002,23.665,Bangladesh
12/01/2002,20.035,Bangladesh
01/01/2003,17.419,Bangladesh
02/01/2003,21.68,Bangladesh
03/01/2003,24.183,Bangladesh
04/01/2003,27.972,Bangladesh
05/01/2003,28.489,Bangladesh
06/01/2003,27.927,Bangladesh
07/01/2003,28.481,Bangladesh
08/01/2003,28.725,Bangladesh
09/01/2003,28.332,Bangladesh
10/01/2003,26.905,Bangladesh
11/01/2003,23.491,Bangladesh
12/01/2003,19.766,Bangladesh
01/01/2004,18.207,Bangladesh
02/01/2004,21.378,Bangladesh
03/01/2004,26.789,Bangladesh
04/01/2004,26.856,Bangladesh
05/01/2004,29.374,Bangladesh
06/01/2004,28.324,Bangladesh
07/01/2004,27.792,Bangladesh
08/01/2004,28.665,Bangladesh
09/01/2004,27.734,Bangladesh
10/01/2004,26.014,Bangladesh
11/01/2004,23.227,Bangladesh
12/01/2004,20.276,Bangladesh
01/01/2005,18.639,Bangladesh
02/01/2005,22.3,Bangladesh
03/01/2005,25.854,Bangladesh
04/01/2005,27.763,Bangladesh
05/01/2005,28.107,Bangladesh
06/01/2005,29.313,Bangladesh
07/01/2005,28.045,Bangladesh
08/01/2005,28.399,Bangladesh
09/01/2005,28.492,Bangladesh
10/01/2005,26.468,Bangladesh
11/01/2005,23.069,Bangladesh
12/01/2005,19.935,Bangladesh
01/01/2006,18.737,Bangladesh
02/01/2006,23.751,Bangladesh
03/01/2006,26.276,Bangladesh
04/01/2006,27.798,Bangladesh
05/01/2006,28.377,Bangladesh
06/01/2006,28.306,Bangladesh
07/01/2006,28.72,Bangladesh
08/01/2006,28.544,Bangladesh
09/01/2006,28.253,Bangladesh
10/01/2006,27.153,Bangladesh
11/01/2006,23.533,Bangladesh
12/01/2006,19.74,Bangladesh
01/01/2007,18.11,Bangladesh
02/01/2007,20.663,Bangladesh
03/01/2007,24.882,Bangladesh
04/01/2007,27.931,Bangladesh
05/01/2007,28.95,Bangladesh
06/01/2007,28.515,Bangladesh
07/01/2007,27.944,Bangladesh
08/01/2007,29.006,Bangladesh
09/01/2007,28.19,Bangladesh
10/01/2007,26.769,Bangladesh
11/01/2007,23.822,Bangladesh
12/01/2007,19.343,Bangladesh
01/01/2008,18.462,Bangladesh
02/01/2008,19.861,Bangladesh
03/01/2008,25.89,Bangladesh
04/01/2008,28.409,Bangladesh
05/01/2008,28.886,Bangladesh
06/01/2008,27.908,Bangladesh
07/01/2008,27.998,Bangladesh
08/01/2008,28.255,Bangladesh
09/01/2008,28.322,Bangladesh
10/01/2008,26.601,Bangladesh
11/01/2008,23.571,Bangladesh
12/01/2008,20.511,Bangladesh
01/01/2009,19.425,Bangladesh
02/01/2009,22.296,Bangladesh
03/01/2009,26.013,Bangladesh
04/01/2009,29.033,Bangladesh
05/01/2009,28.524,Bangladesh
06/01/2009,29.375,Bangladesh
07/01/2009,28.839,Bangladesh
08/01/2009,28.594,Bangladesh
09/01/2009,28.702,Bangladesh
10/01/2009,26.934,Bangladesh
11/01/2009,23.813,Bangladesh
12/01/2009,19.311,Bangladesh
01/01/2010,17.404,Bangladesh
02/01/2010,21.564,Bangladesh
03/01/2010,27.235,Bangladesh
04/01/2010,29.238,Bangladesh
05/01/2010,28.969,Bangladesh
06/01/2010,28.769,Bangladesh
07/01/2010,29.061,Bangladesh
08/01/2010,29.179,Bangladesh
09/01/2010,28.57,Bangladesh
10/01/2010,27.38,Bangladesh
11/01/2010,24.554,Bangladesh
12/01/2010,19.361,Bangladesh
01/01/2011,17.227,Bangladesh
02/01/2011,21.358,Bangladesh
03/01/2011,25.429,Bangladesh
04/01/2011,27.28,Bangladesh
05/01/2011,28.039,Bangladesh
06/01/2011,28.294,Bangladesh
07/01/2011,28.389,Bangladesh
08/01/2011,28.065,Bangladesh
09/01/2011,28.387,Bangladesh
10/01/2011,27.305,Bangladesh
11/01/2011,23.307,Bangladesh
12/01/2011,19.381,Bangladesh
01/01/2012,17.925,Bangladesh
02/01/2012,21.282,Bangladesh
03/01/2012,26.076,Bangladesh
04/01/2012,27.62,Bangladesh
05/01/2012,29.416,Bangladesh
06/01/2012,29.085,Bangladesh
07/01/2012,28.599,Bangladesh
08/01/2012,28.908,Bangladesh
09/01/2012,28.626,Bangladesh
10/01/2012,26.631,Bangladesh
11/01/2012,23.139,Bangladesh
12/01/2012,19.096,Bangladesh
01/01/2013,16.922,Bangladesh
02/01/2013,21.412,Bangladesh
03/01/2013,26.056,Bangladesh
04/01/2013,27.994,Bangladesh
05/01/2013,28.105,Bangladesh
06/01/2013,29.524,Bangladesh
07/01/2013,29.083,Bangladesh
08/01/2013,28.644,Bangladesh
09/01/2013,,Bangladesh
01/01/1990,25.717,Indonesia
02/01/1990,26.373,Indonesia
03/01/1990,26.386,Indonesia
04/01/1990,26.715,Indonesia
05/01/1990,26.7,Indonesia
06/01/1990,26.359,Indonesia
07/01/1990,25.775,Indonesia
08/01/1990,26.103,Indonesia
09/01/1990,26.142,Indonesia
10/01/1990,26.154,Indonesia
11/01/1990,26.507,Indonesia
12/01/1990,25.923,Indonesia
01/01/1991,25.978,Indonesia
02/01/1991,26.046,Indonesia
03/01/1991,26.277,Indonesia
04/01/1991,26.16,Indonesia
05/01/1991,26.386,Indonesia
06/01/1991,26.313,Indonesia
07/01/1991,25.774,Indonesia
08/01/1991,25.87,Indonesia
09/01/1991,26.082,Indonesia
10/01/1991,26.061,Indonesia
11/01/1991,26.077,Indonesia
12/01/1991,25.878,Indonesia
01/01/1992,26.06,Indonesia
02/01/1992,26.228,Indonesia
03/01/1992,26.554,Indonesia
04/01/1992,26.576,Indonesia
05/01/1992,26.628,Indonesia
06/01/1992,26.246,Indonesia
07/01/1992,25.693,Indonesia
08/01/1992,25.959,Indonesia
09/01/1992,26.202,Indonesia
10/01/1992,26.069,Indonesia
11/01/1992,26.084,Indonesia
12/01/1992,25.743,Indonesia
01/01/1993,25.866,Indonesia
02/01/1993,26.01,Indonesia
03/01/1993,26.023,Indonesia
04/01/1993,26.172,Indonesia
05/01/1993,26.455,Indonesia
06/01/1993,26.275,Indonesia
07/01/1993,25.833,Indonesia
08/01/1993,26.064,Indonesia
09/01/1993,26.101,Indonesia
10/01/1993,26.203,Indonesia
11/01/1993,26.488,Indonesia
12/01/1993,26.176,Indonesia
01/01/1994,25.909,Indonesia
02/01/1994,26.19,Indonesia
03/01/1994,25.932,Indonesia
04/01/1994,26.12,Indonesia
05/01/1994,26.326,Indonesia
06/01/1994,25.966,Indonesia
07/01/1994,25.665,Indonesia
08/01/1994,25.684,Indonesia
09/01/1994,26.114,Indonesia
10/01/1994,26.28,Indonesia
11/01/1994,26.676,Indonesia
12/01/1994,26.149,Indonesia
01/01/1995,26.024,Indonesia
02/01/1995,25.984,Indonesia
03/01/1995,26.217,Indonesia
04/01/1995,26.382,Indonesia
05/01/1995,26.787,Indonesia
06/01/1995,26.487,Indonesia
07/01/1995,25.884,Indonesia
08/01/1995,25.896,Indonesia
09/01/1995,26.308,Indonesia
10/01/1995,26.47,Indonesia
11/01/1995,26.339,Indonesia
12/01/1995,25.978,Indonesia
01/01/1996,25.726,Indonesia
02/01/1996,25.818,Indonesia
03/01/1996,26.663,Indonesia
04/01/1996,26.422,Indonesia
05/01/1996,26.806,Indonesia
06/01/1996,26.377,Indonesia
07/01/1996,26.065,Indonesia
08/01/1996,26.017,Indonesia
09/01/1996,26.37,Indonesia
10/01/1996,26.091,Indonesia
11/01/1996,26.291,Indonesia
12/01/1996,25.934,Indonesia
01/01/1997,25.829,Indonesia
02/01/1997,25.946,Indonesia
03/01/1997,26.583,Indonesia
04/01/1997,26.314,Indonesia
05/01/1997,26.767,Indonesia
06/01/1997,26.609,Indonesia
07/01/1997,25.999,Indonesia
08/01/1997,26.344,Indonesia
09/01/1997,26.222,Indonesia
10/01/1997,26.494,Indonesia
11/01/1997,26.691,Indonesia
12/01/1997,26.665,Indonesia
01/01/1998,26.925,Indonesia
02/01/1998,27.114,Indonesia
03/01/1998,27.3,Indonesia
04/01/1998,27.187,Indonesia
05/01/1998,27.478,Indonesia
06/01/1998,26.781,Indonesia
07/01/1998,26.43,Indonesia
08/01/1998,26.229,Indonesia
09/01/1998,26.541,Indonesia
10/01/1998,26.559,Indonesia
11/01/1998,26.479,Indonesia
12/01/1998,26.034,Indonesia
01/01/1999,26.093,Indonesia
02/01/1999,26.286,Indonesia
03/01/1999,26.284,Indonesia
04/01/1999,26.499,Indonesia
05/01/1999,26.248,Indonesia
06/01/1999,26.178,Indonesia
07/01/1999,25.708,Indonesia
08/01/1999,25.802,Indonesia
09/01/1999,26.108,Indonesia
10/01/1999,26.028,Indonesia
11/01/1999,26.322,Indonesia
12/01/1999,26.046,Indonesia
01/01/2000,25.894,Indonesia
02/01/2000,26.088,Indonesia
03/01/2000,26.308,Indonesia
04/01/2000,26.25,Indonesia
05/01/2000,26.682,Indonesia
06/01/2000,25.831,Indonesia
07/01/2000,25.958,Indonesia
08/01/2000,25.833,Indonesia
09/01/2000,26.429,Indonesia
10/01/2000,26.172,Indonesia
11/01/2000,26.404,Indonesia
12/01/2000,26.434,Indonesia
01/01/2001,25.985,Indonesia
02/01/2001,26.153,Indonesia
03/01/2001,26.401,Indonesia
04/01/2001,26.411,Indonesia
05/01/2001,26.836,Indonesia
06/01/2001,26.119,Indonesia
07/01/2001,26.191,Indonesia
08/01/2001,26.259,Indonesia
09/01/2001,26.412,Indonesia
10/01/2001,26.592,Indonesia
11/01/2001,26.489,Indonesia
12/01/2001,26.109,Indonesia
01/01/2002,26.249,Indonesia
02/01/2002,26.434,Indonesia
03/01/2002,26.576,Indonesia
04/01/2002,26.595,Indonesia
05/01/2002,26.917,Indonesia
06/01/2002,26.405,Indonesia
07/01/2002,26.368,Indonesia
08/01/2002,26.23,Indonesia
09/01/2002,26.36,Indonesia
10/01/2002,26.687,Indonesia
11/01/2002,26.772,Indonesia
12/01/2002,26.755,Indonesia
01/01/2003,26.352,Indonesia
02/01/2003,26.35,Indonesia
03/01/2003,26.562,Indonesia
04/01/2003,26.641,Indonesia
05/01/2003,26.919,Indonesia
06/01/2003,26.665,Indonesia
07/01/2003,25.999,Indonesia
08/01/2003,26.276,Indonesia
09/01/2003,26.348,Indonesia
10/01/2003,26.427,Indonesia
11/01/2003,26.728,Indonesia
12/01/2003,26.079,Indonesia
01/01/2004,26.384,Indonesia
02/01/2004,26.281,Indonesia
03/01/2004,26.653,Indonesia
04/01/2004,26.795,Indonesia
05/01/2004,26.94,Indonesia
06/01/2004,26.39,Indonesia
07/01/2004,25.693,Indonesia
08/01/2004,26.146,Indonesia
09/01/2004,26.38,Indonesia
10/01/2004,26.604,Indonesia
11/01/2004,26.694,Indonesia
12/01/2004,26.258,Indonesia
01/01/2005,26.332,Indonesia
02/01/2005,26.712,Indonesia
03/01/2005,26.793,Indonesia
04/01/2005,26.493,Indonesia
05/01/2005,26.689,Indonesia
06/01/2005,26.582,Indonesia
07/01/2005,26.144,Indonesia
08/01/2005,26.336,Indonesia
09/01/2005,26.667,Indonesia
10/01/2005,26.329,Indonesia
11/01/2005,26.382,Indonesia
12/01/2005,25.986,Indonesia
01/01/2006,26.026,Indonesia
02/01/2006,26.397,Indonesia
03/01/2006,26.572,Indonesia
04/01/2006,26.305,Indonesia
05/01/2006,26.572,Indonesia
06/01/2006,26.125,Indonesia
07/01/2006,26.259,Indonesia
08/01/2006,26.1,Indonesia
09/01/2006,26.137,Indonesia
10/01/2006,26.539,Indonesia
11/01/2006,26.846,Indonesia
12/01/2006,26.703,Indonesia
01/01/2007,26.419,Indonesia
02/01/2007,26.246,Indonesia
03/01/2007,26.472,Indonesia
04/01/2007,26.367,Indonesia
05/01/2007,26.808,Indonesia
06/01/2007,26.417,Indonesia
07/01/2007,25.886,Indonesia
08/01/2007,25.869,Indonesia
09/01/2007,26.159,Indonesia
10/01/2007,26.399,Indonesia
11/01/2007,26.368,Indonesia
12/01/2007,26.107,Indonesia
01/01/2008,26.193,Indonesia
02/01/2008,26.033,Indonesia
03/01/2008,25.997,Indonesia
04/01/2008,26.039,Indonesia
05/01/2008,26.419,Indonesia
06/01/2008,25.945,Indonesia
07/01/2008,25.6,Indonesia
08/01/2008,25.747,Indonesia
09/01/2008,26.195,Indonesia
10/01/2008,26.259,Indonesia
11/01/2008,26.404,Indonesia
12/01/2008,25.952,Indonesia
01/01/2009,25.999,Indonesia
02/01/2009,25.966,Indonesia
03/01/2009,26.228,Indonesia
04/01/2009,26.64,Indonesia
05/01/2009,26.852,Indonesia
06/01/2009,26.538,Indonesia
07/01/2009,26.103,Indonesia
08/01/2009,26.464,Indonesia
09/01/2009,26.923,Indonesia
10/01/2009,26.608,Indonesia
11/01/2009,26.692,Indonesia
12/01/2009,26.447,Indonesia
01/01/2010,26.201,Indonesia
02/01/2010,26.907,Indonesia
03/01/2010,26.853,Indonesia
04/01/2010,26.969,Indonesia
05/01/2010,27.218,Indonesia
06/01/2010,26.628,Indonesia
07/01/2010,26.231,Indonesia
08/01/2010,26.369,Indonesia
09/01/2010,26.321,Indonesia
10/01/2010,26.386,Indonesia
11/01/2010,26.412,Indonesia
12/01/2010,25.949,Indonesia
01/01/2011,25.843,Indonesia
02/01/2011,26.095,Indonesia
03/01/2011,26.096,Indonesia
04/01/2011,26.184,Indonesia
05/01/2011,26.617,Indonesia
06/01/2011,26.165,Indonesia
07/01/2011,26.021,Indonesia
08/01/2011,26.136,Indonesia
09/01/2011,26.204,Indonesia
10/01/2011,26.316,Indonesia
11/01/2011,26.53,Indonesia
12/01/2011,26.22,Indonesia
01/01/2012,26.145,Indonesia
02/01/2012,26.152,Indonesia
03/01/2012,26.285,Indonesia
04/01/2012,26.359,Indonesia
05/01/2012,26.64,Indonesia
06/01/2012,26.312,Indonesia
07/01/2012,25.802,Indonesia
08/01/2012,26.065,Indonesia
09/01/2012,26.433,Indonesia
10/01/2012,26.595,Indonesia
11/01/2012,26.651,Indonesia
12/01/2012,26.426,Indonesia
01/01/2013,26.403,Indonesia
02/01/2013,26.209,Indonesia
03/01/2013,26.934,Indonesia
04/01/2013,26.628,Indonesia
05/01/2013,26.818,Indonesia
06/01/2013,26.881,Indonesia
07/01/2013,25.902,Indonesia
08/01/2013,25.961,Indonesia
09/01/2013,,Indonesia
